,tweetids,topics,alltopics,categories,Irrelevant,ThirdPartyObservation,ContinuingNews,Hashtags,Sentiment,MultimediaShare,Factoid,FirstPartyObservation,KnownAlready,Discussion,PastNews,GoodsServices,MovePeople,ServiceAvailable,Advice,Official,SignificantEventChange,InformationWanted,EmergingThreats,Donations,Volunteer,CleanUp,SearchAndRescue,Weather,Unknown,cleanedtweets
5966,451308164932440064,chileEarthquake2014,chileEarthquake2014,"['ThirdPartyObservation', 'MultimediaShare', 'Factoid', 'ContinuingNews']",0,1,1,0,0,1,1,0,0,0,0,0,0,0,0,0,0,0,0,0,0,0,0,0,0,"#ChileEarthquake Update: Chilean Interior Minister reports six dead, state of emergency declared for parts of northern Chile. -via"
5967,451293013763817472,chileEarthquake2014,chileEarthquake2014,['KnownAlready'],0,0,0,0,0,0,0,0,1,0,0,0,0,0,0,0,0,0,0,0,0,0,0,0,0,Powerful earthquake strikes off the coast of Chile:
5968,451285666350239744,chileEarthquake2014,chileEarthquake2014,['Sentiment'],0,0,0,0,1,0,0,0,0,0,0,0,0,0,0,0,0,0,0,0,0,0,0,0,0,#PrayForChile God is with you.
5969,451300464269983744,chileEarthquake2014,chileEarthquake2014,"['Factoid', 'ContinuingNews']",0,0,1,0,0,0,1,0,0,0,0,0,0,0,0,0,0,0,0,0,0,0,0,0,0,Five dead after 8.2 magnitude earthquake off coast of #Chile &amp; tsunami. The latest on the aftermath all morning on
5970,451296996490346496,chileEarthquake2014,chileEarthquake2014,"['MultimediaShare', 'ContinuingNews']",0,0,1,0,0,1,0,0,0,0,0,0,0,0,0,0,0,0,0,0,0,0,0,0,0,"unbelievable img "" RT : Evacuation in progress after tsunami warning in Iquique, Chile. """
5971,451289616641847297,chileEarthquake2014,chileEarthquake2014,"['MultimediaShare', 'Factoid', 'ContinuingNews']",0,0,1,0,0,1,1,0,0,0,0,0,0,0,0,0,0,0,0,0,0,0,0,0,0,#googlenews At Least Five Dead as Earthquake Strikes Near Northern Chile - Wall Street Journal: Montreal Gazet...
5972,451303636556328960,chileEarthquake2014,chileEarthquake2014,"['ThirdPartyObservation', 'MultimediaShare']",0,1,0,0,0,1,0,0,0,0,0,0,0,0,0,0,0,0,0,0,0,0,0,0,0,#Chile #earthquake sparks #tsunamiwarning and evacuation of thousands 'Deaths reported and people on coast spendi...'
5973,451299112882032640,chileEarthquake2014,chileEarthquake2014,['Factoid'],0,0,0,0,0,0,1,0,0,0,0,0,0,0,0,0,0,0,0,0,0,0,0,0,0,"At least five dead, more than 40 fishing vessels destroyed in 8.2 #quake off #Chile"
5974,451282106111766529,chileEarthquake2014,chileEarthquake2014,['Sentiment'],0,0,0,0,1,0,0,0,0,0,0,0,0,0,0,0,0,0,0,0,0,0,0,0,0,#PrayForChile stay safe
5975,451289528397864960,chileEarthquake2014,chileEarthquake2014,"['MultimediaShare', 'Sentiment']",0,0,0,0,1,1,0,0,0,0,0,0,0,0,0,0,0,0,0,0,0,0,0,0,0,The pictures of the evacuation in Chile are pretty remarkable... Our best wishes
5976,451294941889572864,chileEarthquake2014,chileEarthquake2014,"['ThirdPartyObservation', 'ContinuingNews']",0,1,1,0,0,0,0,0,0,0,0,0,0,0,0,0,0,0,0,0,0,0,0,0,0,"My Tweeted Times Top: Powerful earthquake strikes off the coast of Chile - CNN.… , see more"
5977,451295461974884352,chileEarthquake2014,chileEarthquake2014,"['ThirdPartyObservation', 'Weather', 'MultimediaShare', 'ContinuingNews']",0,1,1,0,0,1,0,0,0,0,0,0,0,0,0,0,0,0,0,0,0,0,0,1,0,Incredible video shows tsunami as it spreads across Pacific ocean following Chile earthquake
5978,451293709288472576,chileEarthquake2014,chileEarthquake2014,['ContinuingNews'],0,0,1,0,0,0,0,0,0,0,0,0,0,0,0,0,0,0,0,0,0,0,0,0,0,People flee as 8.2 magnitude earthquake strikes northern Chile
5979,451299877733941249,chileEarthquake2014,chileEarthquake2014,['Sentiment'],0,0,0,0,1,0,0,0,0,0,0,0,0,0,0,0,0,0,0,0,0,0,0,0,0,A Magnitude 8.2 earthquake strikes Chile followed by a tsunami warning. Way too much! May God give them strength. #PrayForChile
5980,451283095946547200,chileEarthquake2014,chileEarthquake2014,"['MultimediaShare', 'ContinuingNews']",0,0,1,0,0,1,0,0,0,0,0,0,0,0,0,0,0,0,0,0,0,0,0,0,0,Chile Earthquake: Deadly Magnitude-8.2 Temblor Rocks Coast
5981,451318521264209920,chileEarthquake2014,chileEarthquake2014,"['ThirdPartyObservation', 'Weather', 'Official']",0,1,0,0,0,0,0,0,0,0,0,0,0,0,0,1,0,0,0,0,0,0,0,1,0,"earthquake - M 5.5, Near Coast of Northern Chile: 2014-04-02 11:07:31 -19.99 -70.92 10 km A"
5982,451293728678760448,chileEarthquake2014,chileEarthquake2014,"['MultimediaShare', 'ContinuingNews']",0,0,1,0,0,1,0,0,0,0,0,0,0,0,0,0,0,0,0,0,0,0,0,0,0,Earthquake strikes off the coast of Chile
5983,451306443162279937,chileEarthquake2014,chileEarthquake2014,"['ThirdPartyObservation', 'Factoid', 'ContinuingNews']",0,1,1,0,0,0,1,0,0,0,0,0,0,0,0,0,0,0,0,0,0,0,0,0,0,#ANEWS Chilean interior minister: 5 people dead after magnitude 8.2 earthquake strikes off coast of Chile
5984,451281935130583040,chileEarthquake2014,chileEarthquake2014,['Irrelevant'],1,0,0,0,0,0,0,0,0,0,0,0,0,0,0,0,0,0,0,0,0,0,0,0,0,"Tsunami-triggering earthquake strikes Chile,kills 5, releases 300 prisoners"
5985,451305585758064640,chileEarthquake2014,chileEarthquake2014,"['ThirdPartyObservation', 'MultimediaShare', 'ContinuingNews']",0,1,1,0,0,1,0,0,0,0,0,0,0,0,0,0,0,0,0,0,0,0,0,0,0,"A magnitude 8.2 earthquake strikes Chile, killing 5 people. Now the region's feeling aftershocks. Read more here:"
5986,451301328493375488,chileEarthquake2014,chileEarthquake2014,"['ThirdPartyObservation', 'ContinuingNews']",0,1,1,0,0,0,0,0,0,0,0,0,0,0,0,0,0,0,0,0,0,0,0,0,0,#Chile#Peru border remains closed as 300 inmates escaped from a women's prison in the city of Iquique. In Arica taking advantage of #quake
5987,451295594204897280,chileEarthquake2014,chileEarthquake2014,"['ThirdPartyObservation', 'ContinuingNews']",0,1,1,0,0,0,0,0,0,0,0,0,0,0,0,0,0,0,0,0,0,0,0,0,0,Chile Earthquake - TRENDING TODAY A major earthquake of magnitude 8.2 struck off the coast of Chile on Tuesday...
5988,451304975033847808,chileEarthquake2014,chileEarthquake2014,"['ThirdPartyObservation', 'ContinuingNews']",0,1,1,0,0,0,0,0,0,0,0,0,0,0,0,0,0,0,0,0,0,0,0,0,0,Via Chile hit by tsunami: At least five dead as huge waves triggered by ... #twisters #teaparty
5989,451297320336752640,chileEarthquake2014,chileEarthquake2014,"['ThirdPartyObservation', 'ContinuingNews']",0,1,1,0,0,0,0,0,0,0,0,0,0,0,0,0,0,0,0,0,0,0,0,0,0,Earthquake strikes off the coast of Chile
5990,451302189135577088,chileEarthquake2014,chileEarthquake2014,['Sentiment'],0,0,0,0,1,0,0,0,0,0,0,0,0,0,0,0,0,0,0,0,0,0,0,0,0,Praying for the Chile quake disaster victims may God grant U'll fortitude to bear the huge loss as a result of the 8.2 magnitude earthquake.
5991,451314370195496960,chileEarthquake2014,chileEarthquake2014,['ContinuingNews'],0,0,1,0,0,0,0,0,0,0,0,0,0,0,0,0,0,0,0,0,0,0,0,0,0,New this morning: At least 6 people are dead after the massive M8.2 quake in #Chile
5992,451304386728177664,chileEarthquake2014,chileEarthquake2014,['Irrelevant'],1,0,0,0,0,0,0,0,0,0,0,0,0,0,0,0,0,0,0,0,0,0,0,0,0,"NORTHERN Chile waking up after an 8,2 shake. City is fine.Tsunami warning has been cancelled.- SANTIAGO OK - TXS to all for MSGS"
5993,451295873297690624,chileEarthquake2014,chileEarthquake2014,"['ThirdPartyObservation', 'ContinuingNews']",0,1,1,0,0,0,0,0,0,0,0,0,0,0,0,0,0,0,0,0,0,0,0,0,0,5 killed as huge 8.2 earthquake off Chile coast triggers tsunami
5994,451281792809439233,chileEarthquake2014,chileEarthquake2014,"['MultimediaShare', 'Factoid', 'ContinuingNews']",0,0,1,0,0,1,1,0,0,0,0,0,0,0,0,0,0,0,0,0,0,0,0,0,0,"Powerful 8.2-magnitude earthquake off Chile kills at least 5, forces evacuations"
5995,451292943404384256,chileEarthquake2014,chileEarthquake2014,['ContinuingNews'],0,0,1,0,0,0,0,0,0,0,0,0,0,0,0,0,0,0,0,0,0,0,0,0,0,#Indonesia says it could be hit by small tsunami from #Chile quake
5996,451303167364702208,chileEarthquake2014,chileEarthquake2014,"['ThirdPartyObservation', 'MultimediaShare']",0,1,0,0,0,1,0,0,0,0,0,0,0,0,0,0,0,0,0,0,0,0,0,0,0,"Earthquake : Powerful 8.2 Earthquake slams off the Coast of Chile with Tsunami waves (Apr 01, 2014)"
5997,451293321835474944,chileEarthquake2014,chileEarthquake2014,['ContinuingNews'],0,0,1,0,0,0,0,0,0,0,0,0,0,0,0,0,0,0,0,0,0,0,0,0,0,#TeamPAPii -People flee as 8.2 magnitude earthquake strikes northern Chile (Unete → )
5998,451285590810435584,chileEarthquake2014,chileEarthquake2014,['Sentiment'],0,0,0,0,1,0,0,0,0,0,0,0,0,0,0,0,0,0,0,0,0,0,0,0,0,Let all #PrayForChile
5999,451296615010013184,chileEarthquake2014,chileEarthquake2014,"['MultimediaShare', 'Factoid', 'ContinuingNews']",0,0,1,0,0,1,1,0,0,0,0,0,0,0,0,0,0,0,0,0,0,0,0,0,0,Five killed and tens of thousands evacuated as huge earthquake hits Chile:
6000,451299480692731904,chileEarthquake2014,chileEarthquake2014,['Sentiment'],0,0,0,0,1,0,0,0,0,0,0,0,0,0,0,0,0,0,0,0,0,0,0,0,0,#PrayForChile 8.2 earthquake and tsunami warning.
6001,451285570400960512,chileEarthquake2014,chileEarthquake2014,['Sentiment'],0,0,0,0,1,0,0,0,0,0,0,0,0,0,0,0,0,0,0,0,0,0,0,0,0,#PrayforChile
6002,451281454429769728,chileEarthquake2014,chileEarthquake2014,"['MultimediaShare', 'Factoid', 'ContinuingNews']",0,0,1,0,0,1,1,0,0,0,0,0,0,0,0,0,0,0,0,0,0,0,0,0,0,Residents flee 8.2 magnitude earthquake strikes northern Chile
6003,451289361104261120,chileEarthquake2014,chileEarthquake2014,['ContinuingNews'],0,0,1,0,0,0,0,0,0,0,0,0,0,0,0,0,0,0,0,0,0,0,0,0,0,"Equity Futures Spike On Chile Earthquake, USDJPY Momentum Ignition"
6004,451292069605031936,chileEarthquake2014,chileEarthquake2014,['Sentiment'],0,0,0,0,1,0,0,0,0,0,0,0,0,0,0,0,0,0,0,0,0,0,0,0,0,#PrayForChile Omg 8.2 mag. earthquake :'(
6005,451283243749224449,chileEarthquake2014,chileEarthquake2014,['Sentiment'],0,0,0,0,1,0,0,0,0,0,0,0,0,0,0,0,0,0,0,0,0,0,0,0,0,"Magnitude 8.3 earthquake, causing 5 person's death. #PrayForChile"
6006,451285984895070208,chileEarthquake2014,chileEarthquake2014,['Sentiment'],0,0,0,0,1,0,0,0,0,0,0,0,0,0,0,0,0,0,0,0,0,0,0,0,0,Hope all my family are safe &amp; thoughts to all the families that have been affected by the hurricane #PrayForChile ️
6007,451287576973148160,chileEarthquake2014,chileEarthquake2014,['Sentiment'],0,0,0,0,1,0,0,0,0,0,0,0,0,0,0,0,0,0,0,0,0,0,0,0,0,Sending prayers to Chile. #ChileEarthquake
6008,451292183119679488,chileEarthquake2014,chileEarthquake2014,['Sentiment'],0,0,0,0,1,0,0,0,0,0,0,0,0,0,0,0,0,0,0,0,0,0,0,0,0,#PrayForChile guys. :(
6009,451302956634497024,chileEarthquake2014,chileEarthquake2014,"['ThirdPartyObservation', 'MultimediaShare', 'ContinuingNews']",0,1,1,0,0,1,0,0,0,0,0,0,0,0,0,0,0,0,0,0,0,0,0,0,0,DavidNelsonNews: Nearly a million people forced to evacuate after earthquake off Chile’s coast
6010,451298191846420480,chileEarthquake2014,chileEarthquake2014,"['ThirdPartyObservation', 'ContinuingNews']",0,1,1,0,0,0,0,0,0,0,0,0,0,0,0,0,0,0,0,0,0,0,0,0,0,Five dead and #Tsunami watch in effect for Chile where an 8.2 earthquake hit off the coast. Details now on #NewsAtSunrise
6011,451302990776123392,chileEarthquake2014,chileEarthquake2014,['PastNews'],0,0,0,0,0,0,0,0,0,0,1,0,0,0,0,0,0,0,0,0,0,0,0,0,0,Teachable Moment - Magnitude 8.2 Earthquake Offshore Chile
6012,451293478589194240,chileEarthquake2014,chileEarthquake2014,"['MultimediaShare', 'ContinuingNews']",0,0,1,0,0,1,0,0,0,0,0,0,0,0,0,0,0,0,0,0,0,0,0,0,0,"Magnitude-8.2 earthquake off Chile's northern coast kills 5, prompts tsunami warning."
6013,451300039055650816,chileEarthquake2014,chileEarthquake2014,"['ThirdPartyObservation', 'Factoid', 'ContinuingNews']",0,1,1,0,0,0,1,0,0,0,0,0,0,0,0,0,0,0,0,0,0,0,0,0,0,Five Dead as Magnitude 8.2 Earthquake Hits Northern Chile
6014,451307097028718592,chileEarthquake2014,chileEarthquake2014,"['ThirdPartyObservation', 'MultimediaShare', 'ContinuingNews']",0,1,1,0,0,1,0,0,0,0,0,0,0,0,0,0,0,0,0,0,0,0,0,0,0,Latest News: Major Earthquake Off Shore Of Chile Kills 5; Prompts Coastal Evacuations #Latism #Radio #latism #miami
6015,451300301254184960,chileEarthquake2014,chileEarthquake2014,['Irrelevant'],1,0,0,0,0,0,0,0,0,0,0,0,0,0,0,0,0,0,0,0,0,0,0,0,0,"Just pointing out that 'prayer for....' is always portrayed as a fashionable #hashtag in a bad situation, #DoYouEvenPrayTho #PrayForChile"
6016,451292839628898304,chileEarthquake2014,chileEarthquake2014,"['MultimediaShare', 'Factoid', 'ContinuingNews']",0,0,1,0,0,1,1,0,0,0,0,0,0,0,0,0,0,0,0,0,0,0,0,0,0,"8.2 earthquake hits Chile, killing 5 and displacing 80,000"
6017,451295348175011840,chileEarthquake2014,chileEarthquake2014,"['ThirdPartyObservation', 'ContinuingNews']",0,1,1,0,0,0,0,0,0,0,0,0,0,0,0,0,0,0,0,0,0,0,0,0,0,Chile earthquake: At least five dead as president declares northern disaster zone | ABC Radio Australia
6018,451285505582575616,chileEarthquake2014,chileEarthquake2014,['Sentiment'],0,0,0,0,1,0,0,0,0,0,0,0,0,0,0,0,0,0,0,0,0,0,0,0,0,"Great, thanks. RT "": #PrayForChile I'll include this with my prayers."""
6019,451299040466989056,chileEarthquake2014,chileEarthquake2014,"['Weather', 'Official', 'ContinuingNews']",0,0,1,0,0,0,0,0,0,0,0,0,0,0,0,1,0,0,0,0,0,0,0,1,0,No #California Tsunami Warning however sea could rise according to 4-8 inches #ChileEarthquake
6020,451282059923693569,chileEarthquake2014,chileEarthquake2014,['Sentiment'],0,0,0,0,1,0,0,0,0,0,0,0,0,0,0,0,0,0,0,0,0,0,0,0,0,"8,2 SR earthquake and tsunami #prayforChile"
6021,451300025834827777,chileEarthquake2014,chileEarthquake2014,"['Weather', 'ContinuingNews']",0,0,1,0,0,0,0,0,0,0,0,0,0,0,0,0,0,0,0,0,0,0,0,1,0,"If a tsunami wave is going to hit Hawaii as a result of Tuesday's magnitude 8.2 quake in Chile, it should happen around 9:30 a.m. Eastern"
6022,451305166638030848,chileEarthquake2014,chileEarthquake2014,"['ThirdPartyObservation', 'Weather', 'MultimediaShare', 'ContinuingNews']",0,1,1,0,0,1,0,0,0,0,0,0,0,0,0,0,0,0,0,0,0,0,0,1,0,"""Massive 8.2 Quake Hits Near Chile Coast, Tsunami Warning Issued; Residents Evacuating"""
6023,451285847049256960,chileEarthquake2014,chileEarthquake2014,"['MultimediaShare', 'ContinuingNews', 'Sentiment']",0,0,1,0,1,1,0,0,0,0,0,0,0,0,0,0,0,0,0,0,0,0,0,0,0,Chile earthquake sparks tsunami warning and evacuation of thousands #PrayForChile
6024,451300362901680128,chileEarthquake2014,chileEarthquake2014,"['ThirdPartyObservation', 'MultimediaShare', 'ContinuingNews']",0,1,1,0,0,1,0,0,0,0,0,0,0,0,0,0,0,0,0,0,0,0,0,0,0,5 Dead After Powerful Quake Strikes Off Chile's Coast
6025,451293572902301696,chileEarthquake2014,chileEarthquake2014,"['Factoid', 'ContinuingNews']",0,0,1,0,0,0,1,0,0,0,0,0,0,0,0,0,0,0,0,0,0,0,0,0,0,Five dead as magnitude 8.2 quake hits northern Chile A powerful magnitude-8.2 earthquake struck off northern...
6026,451281861029793792,chileEarthquake2014,chileEarthquake2014,['Sentiment'],0,0,0,0,1,0,0,0,0,0,0,0,0,0,0,0,0,0,0,0,0,0,0,0,0,pray for Chile.. #tsunami
6027,451285444009799681,chileEarthquake2014,chileEarthquake2014,['Sentiment'],0,0,0,0,1,0,0,0,0,0,0,0,0,0,0,0,0,0,0,0,0,0,0,0,0,"To all the Filipino we shall never forget the help of the other nation to our country, It's time to us to help them also. #PrayForChile"
6028,451297993564495872,chileEarthquake2014,chileEarthquake2014,"['ThirdPartyObservation', 'ContinuingNews']",0,1,1,0,0,0,0,0,0,0,0,0,0,0,0,0,0,0,0,0,0,0,0,0,0,5 dead as magnitude 8.2 #earthquake hits northern #Chile:
6029,451294070757797888,chileEarthquake2014,chileEarthquake2014,"['ThirdPartyObservation', 'ContinuingNews']",0,1,1,0,0,0,0,0,0,0,0,0,0,0,0,0,0,0,0,0,0,0,0,0,0,Earthquake strikes off the coast of Chile
6030,451304870088548353,chileEarthquake2014,chileEarthquake2014,"['FirstPartyObservation', 'MultimediaShare', 'ContinuingNews']",0,0,1,0,0,1,0,1,0,0,0,0,0,0,0,0,0,0,0,0,0,0,0,0,0,8.2 Magnitude Earthquake Hits Northern Chile- VOA news
6031,451286374323191808,chileEarthquake2014,chileEarthquake2014,['Sentiment'],0,0,0,0,1,0,0,0,0,0,0,0,0,0,0,0,0,0,0,0,0,0,0,0,0,#PrayForChile hoping the families and your friends were all going to move to a safer place.
6032,451300338789019648,chileEarthquake2014,chileEarthquake2014,"['FirstPartyObservation', 'Factoid', 'ContinuingNews']",0,0,1,0,0,0,1,1,0,0,0,0,0,0,0,0,0,0,0,0,0,0,0,0,0,"Major earthquake rocks Chile's northern coast killing at least five people, forcing hundreds of thousands to evacuate"
6033,451362273617932288,chileEarthquake2014,chileEarthquake2014,"['ThirdPartyObservation', 'Weather', 'Official', 'ContinuingNews']",0,1,1,0,0,0,0,0,0,0,0,0,0,0,0,1,0,0,0,0,0,0,0,1,0,O_O . . . #Tsunami Animation Northern Chile
6034,451349026000994304,chileEarthquake2014,chileEarthquake2014,"['ThirdPartyObservation', 'Weather', 'ContinuingNews']",0,1,1,0,0,0,0,0,0,0,0,0,0,0,0,0,0,0,0,0,0,0,0,1,0,"Powerful earthquake kills 6 in Chile: Santiago, Apr 2 (EFE).- A magnitude-8.2 earthquake hit northern Chile, k..."
6035,451351693494476801,chileEarthquake2014,chileEarthquake2014,"['ThirdPartyObservation', 'ContinuingNews']",0,1,1,0,0,0,0,0,0,0,0,0,0,0,0,0,0,0,0,0,0,0,0,0,0,#googlenews Earthquake Aftershocks Rattle Northern Chile - Wall Street Journal: Wall Street JournalEarthquake ...
6036,451379978605584384,chileEarthquake2014,chileEarthquake2014,['Discussion'],0,0,0,0,0,0,0,0,0,1,0,0,0,0,0,0,0,0,0,0,0,0,0,0,0,i am not in chile but the news in my country said tsunami attack is gonna arrive at 19 provinces in indonesia tomorow morning
6037,451351836809650176,chileEarthquake2014,chileEarthquake2014,['Hashtags'],0,0,0,1,0,0,0,0,0,0,0,0,0,0,0,0,0,0,0,0,0,0,0,0,0,FollowMe-&gt; #Wascarx7 Earthquake Aftershocks Rattle Northern Chile - Wall Street Journal: ... FollowMe-&gt; #Wascarx7
6038,451406990724431872,chileEarthquake2014,chileEarthquake2014,"['FirstPartyObservation', 'ServiceAvailable']",0,0,0,0,0,0,0,1,0,0,0,0,0,1,0,0,0,0,0,0,0,0,0,0,0,The president of in #Chile is at our HQ reaching out to his local contacts to assess needs after the earthquake. Stay tuned.
6039,451607561158918144,chileEarthquake2014,chileEarthquake2014,"['ThirdPartyObservation', 'MultimediaShare', 'ContinuingNews']",0,1,1,0,0,1,0,0,0,0,0,0,0,0,0,0,0,0,0,0,0,0,0,0,0,"Fulfilled - CHILE 8.3 Massive MEGA-QUAKE, TSUNAMI ALERT 4.1.14 See 'DESCRIPTION'... #chile"
6040,451336002708459520,chileEarthquake2014,chileEarthquake2014,"['ThirdPartyObservation', 'ContinuingNews']",0,1,1,0,0,0,0,0,0,0,0,0,0,0,0,0,0,0,0,0,0,0,0,0,0,Update: 6 people killed by earthquake off Chile's coast -
6041,451321075880951808,chileEarthquake2014,chileEarthquake2014,['Irrelevant'],1,0,0,0,0,0,0,0,0,0,0,0,0,0,0,0,0,0,0,0,0,0,0,0,0,no you're wrong Vicky. Yesterday there was an earthquake in northern Chile. Thank GOD all things are improving.
6042,451361359976869888,chileEarthquake2014,chileEarthquake2014,"['ThirdPartyObservation', 'MultimediaShare', 'ContinuingNews']",0,1,1,0,0,1,0,0,0,0,0,0,0,0,0,0,0,0,0,0,0,0,0,0,0,8.2 Earthquake rocks Chile overnight.
6043,451414467717234688,chileEarthquake2014,chileEarthquake2014,"['ThirdPartyObservation', 'Factoid', 'ContinuingNews']",0,1,1,0,0,0,1,0,0,0,0,0,0,0,0,0,0,0,0,0,0,0,0,0,0,Authorities have lifted Tsunami warnings for Chile's Long Coastline after a magnitude 8.2 Earthquake struck the...
6044,451341445484789760,chileEarthquake2014,chileEarthquake2014,"['ThirdPartyObservation', 'MultimediaShare', 'Factoid', 'PastNews']",0,1,0,0,0,1,1,0,0,0,1,0,0,0,0,0,0,0,0,0,0,0,0,0,0,WOW! RT 34 M4.2+ aftershocks (so far) off northern CHILE following major M8.2 #earthquake last night
6045,451367888968888320,chileEarthquake2014,chileEarthquake2014,"['FirstPartyObservation', 'MultimediaShare', 'Factoid', 'ContinuingNews']",0,0,1,0,0,1,1,1,0,0,0,0,0,0,0,0,0,0,0,0,0,0,0,0,0,Six people now confirmed dead in earthquake off Northern Chile. #CNN #BREAKING
6046,451329363300986881,chileEarthquake2014,chileEarthquake2014,['Sentiment'],0,0,0,0,1,0,0,0,0,0,0,0,0,0,0,0,0,0,0,0,0,0,0,0,0,Chile Had A 8.2 Earthquake Smh
6047,451375117864411137,chileEarthquake2014,chileEarthquake2014,"['ThirdPartyObservation', 'MultimediaShare', 'Factoid', 'ContinuingNews']",0,1,1,0,0,1,1,0,0,0,0,0,0,0,0,0,0,0,0,0,0,0,0,0,0,"Massive Quake In Chile Update: Thousands Return Home, Limited Damages, 6 Dead #ChileEarthquake #chilequake"
6048,451611819988115456,chileEarthquake2014,chileEarthquake2014,"['ThirdPartyObservation', 'PastNews']",0,1,0,0,0,0,0,0,0,0,1,0,0,0,0,0,0,0,0,0,0,0,0,0,0,8.2 Earthquake Rocks Northern Coast of Chile: Celebs Tweet Thoughts and Prayers - The whole... #GeologicalSurvey
6049,451350628757819392,chileEarthquake2014,chileEarthquake2014,"['ThirdPartyObservation', 'ContinuingNews']",0,1,1,0,0,0,0,0,0,0,0,0,0,0,0,0,0,0,0,0,0,0,0,0,0,Earthquake Aftershocks Rattle Northern Chile - Wall Street Journal: Wall Street JournalEarthquake Aftershocks ...
6050,451611530107183105,chileEarthquake2014,chileEarthquake2014,"['ThirdPartyObservation', 'EmergingThreats']",0,1,0,0,0,0,0,0,0,0,0,0,0,0,0,0,0,0,1,0,0,0,0,0,0,"Another big earthquake has occurred in Chile, magnitude 7.6. Evacuation efforts have began."
6051,451417850818101248,chileEarthquake2014,chileEarthquake2014,"['ThirdPartyObservation', 'Factoid', 'ContinuingNews']",0,1,1,0,0,0,1,0,0,0,0,0,0,0,0,0,0,0,0,0,0,0,0,0,0,- 6 deaths reported after Chile's magnitude-8.2 earthquake
6052,451320801581486080,chileEarthquake2014,chileEarthquake2014,"['ThirdPartyObservation', 'MultimediaShare', 'ContinuingNews']",0,1,1,0,0,1,0,0,0,0,0,0,0,0,0,0,0,0,0,0,0,0,0,0,0,Mag 8.2 #Quake Hits #Chile As Koreas Trade Fire
6053,451341970431279104,chileEarthquake2014,chileEarthquake2014,['Sentiment'],0,0,0,0,1,0,0,0,0,0,0,0,0,0,0,0,0,0,0,0,0,0,0,0,0,An 8.2-magnitude earthquake struck off the coast of northern Chile. Geologist expect a larger quake but unsure when. Today or in 50yrs ?
6054,451335390633291776,chileEarthquake2014,chileEarthquake2014,"['ThirdPartyObservation', 'ContinuingNews']",0,1,1,0,0,0,0,0,0,0,0,0,0,0,0,0,0,0,0,0,0,0,0,0,0,"EARTHQUAKE IN CHILE at least two deaths reported.: Luis Andres Henao, Associated Press | April..."
6055,451367210691219456,chileEarthquake2014,chileEarthquake2014,"['FirstPartyObservation', 'MultimediaShare', 'ContinuingNews']",0,0,1,0,0,1,0,1,0,0,0,0,0,0,0,0,0,0,0,0,0,0,0,0,0,RAW VIDEO: Magnitude-8.2 earthquake sends people scrambling in northern Chile:
6056,451354597445996544,chileEarthquake2014,chileEarthquake2014,"['ThirdPartyObservation', 'ContinuingNews']",0,1,1,0,0,0,0,0,0,0,0,0,0,0,0,0,0,0,0,0,0,0,0,0,0,Authorities lift tsunami threat after 8.2 quake kills 6 in northern Chile - Regina Leader-Post
6057,451346180946296832,chileEarthquake2014,chileEarthquake2014,"['ThirdPartyObservation', 'MultimediaShare']",0,1,0,0,0,1,0,0,0,0,0,0,0,0,0,0,0,0,0,0,0,0,0,0,0,""": MT : Teachable Moment- Magnitude 8.2 Earthquake Offshore Chile. PPT/Animations available at """
6058,451610099686330368,chileEarthquake2014,chileEarthquake2014,"['ThirdPartyObservation', 'ContinuingNews']",0,1,1,0,0,0,0,0,0,0,0,0,0,0,0,0,0,0,0,0,0,0,0,0,0,Chile's coast evacuated again after second strong earthquake
6059,451608563660496896,chileEarthquake2014,chileEarthquake2014,"['ThirdPartyObservation', 'ContinuingNews']",0,1,1,0,0,0,0,0,0,0,0,0,0,0,0,0,0,0,0,0,0,0,0,0,0,Chile's navy cancels tsunami alert following 7.6 quake
6060,451380442110107648,chileEarthquake2014,chileEarthquake2014,"['Hashtags', 'ContinuingNews']",0,0,1,1,0,0,0,0,0,0,0,0,0,0,0,0,0,0,0,0,0,0,0,0,0,No disruptions at #Chile #coppermines after 8.2 #earthquake
6061,451606941857357824,chileEarthquake2014,chileEarthquake2014,"['ThirdPartyObservation', 'Factoid', 'ContinuingNews']",0,1,1,0,0,0,1,0,0,0,0,0,0,0,0,0,0,0,0,0,0,0,0,0,0,"Chile earthquake: 6 dead, aftershocks continue"
6062,451345481990295552,chileEarthquake2014,chileEarthquake2014,"['ThirdPartyObservation', 'MultimediaShare', 'Factoid', 'ContinuingNews']",0,1,1,0,0,1,1,0,0,0,0,0,0,0,0,0,0,0,0,0,0,0,0,0,0,Authorities lift tsunami threat after 8.2 quake kills 6 in northern Chile.
6063,451335636617011200,chileEarthquake2014,chileEarthquake2014,"['ThirdPartyObservation', 'Factoid', 'ContinuingNews']",0,1,1,0,0,0,1,0,0,0,0,0,0,0,0,0,0,0,0,0,0,0,0,0,0,Number of dead rises to 6 after 8.2 earthquake in Chile. Numbers remarkably low so far as country is quake-prepared.
6064,451346600070107136,chileEarthquake2014,chileEarthquake2014,"['ThirdPartyObservation', 'Weather', 'ContinuingNews']",0,1,1,0,0,0,0,0,0,0,0,0,0,0,0,0,0,0,0,0,0,0,0,1,0,"earthquake - M 5.2, Near Coast of Northern Chile: 2014-04-02 13:00:57 -19.80 -70.72 10 km A"
6065,451369604292804608,chileEarthquake2014,chileEarthquake2014,['Sentiment'],0,0,0,0,1,0,0,0,0,0,0,0,0,0,0,0,0,0,0,0,0,0,0,0,0,Thinking of my loved ones in Ecuador &amp; Colombia right now. 8.2 earthquake hit Chile &amp; the magnitude hit most of the west of South America
6066,451372321031602176,chileEarthquake2014,chileEarthquake2014,"['ThirdPartyObservation', 'MultimediaShare', 'ContinuingNews']",0,1,1,0,0,1,0,0,0,0,0,0,0,0,0,0,0,0,0,0,0,0,0,0,0,always amazed at how powerful Nature is; here is a map of waves spreading across the Pacific from the Chile quake:
6067,451343617215307776,chileEarthquake2014,chileEarthquake2014,['Sentiment'],0,0,0,0,1,0,0,0,0,0,0,0,0,0,0,0,0,0,0,0,0,0,0,0,0,Pray for chile n that 8.2 earthquake
6068,451609342639603712,chileEarthquake2014,chileEarthquake2014,"['ThirdPartyObservation', 'MultimediaShare', 'ContinuingNews']",0,1,1,0,0,1,0,0,0,0,0,0,0,0,0,0,0,0,0,0,0,0,0,0,0,"8.2 Earthquake Hits Chile, 6 Dead, 300 Prisoners Free #uspolitics via"
6069,451372910024728576,chileEarthquake2014,chileEarthquake2014,"['ThirdPartyObservation', 'ContinuingNews']",0,1,1,0,0,0,0,0,0,0,0,0,0,0,0,0,0,0,0,0,0,0,0,0,0,Now on Rivet: #ChileEarthquake sets off evacuations. Get the app at
6070,451358891217936386,chileEarthquake2014,chileEarthquake2014,['Advice'],0,0,0,0,0,0,0,0,0,0,0,0,0,0,1,0,0,0,0,0,0,0,0,0,0,"Send good vibes to my fellow people of Chile. They were hit with a 8.2 earthquake yesterday eve, thankfully no tsunami. My family is okay!"
6071,451350170584621056,chileEarthquake2014,chileEarthquake2014,['Irrelevant'],1,0,0,0,0,0,0,0,0,0,0,0,0,0,0,0,0,0,0,0,0,0,0,0,0,"No worries y'all! The earthquake hit up in northern chile, about 1500 km from Santiago. Didn't feel a thing!"
6072,451416475572514817,chileEarthquake2014,chileEarthquake2014,"['ThirdPartyObservation', 'ContinuingNews']",0,1,1,0,0,0,0,0,0,0,0,0,0,0,0,0,0,0,0,0,0,0,0,0,0,"Pacific Tsunami Warning Center: #tsunami advisory for #Hawaii has been cancelled, following the 8.2 #earthquake off Chile."
6073,451398729455919104,chileEarthquake2014,chileEarthquake2014,"['ThirdPartyObservation', 'ContinuingNews']",0,1,1,0,0,0,0,0,0,0,0,0,0,0,0,0,0,0,0,0,0,0,0,0,0,"#Chile 8.2 quake leaves 6 dead, causes less damage than feared (39 of 300 prisoners who escaped still at large)"
6074,451320116995559425,chileEarthquake2014,chileEarthquake2014,"['ThirdPartyObservation', 'ContinuingNews']",0,1,1,0,0,0,0,0,0,0,0,0,0,0,0,0,0,0,0,0,0,0,0,0,0,"EarthQuake - M 5.2, Near Coast of Northern Chile: 2014-04-02 11:11:38 -19.92 -70.82 32 km A"
6075,451406916820803584,chileEarthquake2014,chileEarthquake2014,"['FirstPartyObservation', 'MultimediaShare', 'ContinuingNews']",0,0,1,0,0,1,0,1,0,0,0,0,0,0,0,0,0,0,0,0,0,0,0,0,0,"TheTopStory: April 02, 2014. Magnitude-8.2 quake hits north coast off #Chile, five confirmed dead"
6076,451610709169045504,chileEarthquake2014,chileEarthquake2014,"['ThirdPartyObservation', 'Weather', 'Official', 'ContinuingNews']",0,1,1,0,0,0,0,0,0,0,0,0,0,0,0,1,0,0,0,0,0,0,0,1,0,"Pacific Tsunami Warning Center cancels warnings for Chile, Peru after 7.6-mag. earthquake off Chile"
6077,451375221677621248,chileEarthquake2014,chileEarthquake2014,"['FirstPartyObservation', 'MultimediaShare', 'Factoid', 'ContinuingNews']",0,0,1,0,0,1,1,1,0,0,0,0,0,0,0,0,0,0,0,0,0,0,0,0,0,NewsLife: One Global Village: 8.2 quake hits #Chile; 5 dead [10]
6078,451380698515902465,chileEarthquake2014,chileEarthquake2014,"['ThirdPartyObservation', 'MultimediaShare', 'ContinuingNews']",0,1,1,0,0,1,0,0,0,0,0,0,0,0,0,0,0,0,0,0,0,0,0,0,0,"#Chile:UPDT: Aftr quake, 900K return 2 coast; damage limited. via"
6079,451345750325071872,chileEarthquake2014,chileEarthquake2014,['ThirdPartyObservation'],0,1,0,0,0,0,0,0,0,0,0,0,0,0,0,0,0,0,0,0,0,0,0,0,0,"Farthermost northern Chile was hit by an 8.2 Richter earthquake at 8:45 PM last night, setting off all tsunami alerts along its coastline."
6080,451368502650470400,chileEarthquake2014,chileEarthquake2014,"['ThirdPartyObservation', 'ContinuingNews']",0,1,1,0,0,0,0,0,0,0,0,0,0,0,0,0,0,0,0,0,0,0,0,0,0,Parts of Northern #Chile have been declared disaster zones after being hit with an earthquake measuri..
6081,451419187676999680,chileEarthquake2014,chileEarthquake2014,"['ThirdPartyObservation', 'ContinuingNews']",0,1,1,0,0,0,0,0,0,0,0,0,0,0,0,0,0,0,0,0,0,0,0,0,0,"UPDATE 2-Chile assesses damage after massive quake, tsunami - (Adds context on region, Peru, aftershocks, insurer ..."
6082,451611700630781952,chileEarthquake2014,chileEarthquake2014,"['ThirdPartyObservation', 'ContinuingNews']",0,1,1,0,0,0,0,0,0,0,0,0,0,0,0,0,0,0,0,0,0,0,0,0,0,Tsunami waves hit Chile after earthquake via
6083,451319815387742208,chileEarthquake2014,chileEarthquake2014,"['ThirdPartyObservation', 'Weather', 'Official']",0,1,0,0,0,0,0,0,0,0,0,0,0,0,0,1,0,0,0,0,0,0,0,1,0,MT : Teachable Moment- Magnitude 8.2 Earthquake Offshore Chile. PPT/Animations available at
6084,451603671059804160,chileEarthquake2014,chileEarthquake2014,"['ThirdPartyObservation', 'Factoid', 'ContinuingNews']",0,1,1,0,0,0,1,0,0,0,0,0,0,0,0,0,0,0,0,0,0,0,0,0,0,Chile earthquake toll rises to 6
6085,451331388583591936,chileEarthquake2014,chileEarthquake2014,"['ThirdPartyObservation', 'ContinuingNews']",0,1,1,0,0,0,0,0,0,0,0,0,0,0,0,0,0,0,0,0,0,0,0,0,0,Major Earthquake Off Shore Of Chile Kills 5; Prompts Coastal Evacuations: Authorities kept hundreds of t...
6086,451335407217545216,chileEarthquake2014,chileEarthquake2014,"['ThirdPartyObservation', 'ContinuingNews']",0,1,1,0,0,0,0,0,0,0,0,0,0,0,0,0,0,0,0,0,0,0,0,0,0,Update: 6 people killed by earthquake off Chile's coast -
6087,451326605026394112,chileEarthquake2014,chileEarthquake2014,"['ThirdPartyObservation', 'ContinuingNews']",0,1,1,0,0,0,0,0,0,0,0,0,0,0,0,0,0,0,0,0,0,0,0,0,0,Toll mounts in wake of Chile quake - THE 8.2 magnitude earthquake that hit northern Chile and triggered a tsunami ...
6088,451387852665159680,chileEarthquake2014,chileEarthquake2014,"['ThirdPartyObservation', 'Hashtags', 'ContinuingNews']",0,1,1,1,0,0,0,0,0,0,0,0,0,0,0,0,0,0,0,0,0,0,0,0,0,The latest video and info on the #Chile #earthquake on #7News at #Noon.
6089,451426799478906880,chileEarthquake2014,chileEarthquake2014,"['ThirdPartyObservation', 'ContinuingNews']",0,1,1,0,0,0,0,0,0,0,0,0,0,0,0,0,0,0,0,0,0,0,0,0,0,#Chile #earthquake: authorities relieved at apparent low levels of casualties 'Six reported dead and only light d...'
6090,451359927375003649,chileEarthquake2014,chileEarthquake2014,"['ThirdPartyObservation', 'MultimediaShare', 'ContinuingNews']",0,1,1,0,0,1,0,0,0,0,0,0,0,0,0,0,0,0,0,0,0,0,0,0,0,The massive 8.2 earthquake that struck the coastal region of Chile last night killed 6 people. More info .
6091,451335975289880576,chileEarthquake2014,chileEarthquake2014,"['MultimediaShare', 'ContinuingNews']",0,0,1,0,0,1,0,0,0,0,0,0,0,0,0,0,0,0,0,0,0,0,0,0,0,Powerful Earthquake Rattles Northern Chile
6092,451352040514392065,chileEarthquake2014,chileEarthquake2014,"['ThirdPartyObservation', 'ContinuingNews']",0,1,1,0,0,0,0,0,0,0,0,0,0,0,0,0,0,0,0,0,0,0,0,0,0,#PatrickNetwork Earthquake Aftershocks Rattle Northern Chile - Wall Street Journal: Wall Stree... #PatrickNetwork
6093,451368166720286720,chileEarthquake2014,chileEarthquake2014,"['ThirdPartyObservation', 'ContinuingNews']",0,1,1,0,0,0,0,0,0,0,0,0,0,0,0,0,0,0,0,0,0,0,0,0,0,Rat: RAW VIDEO: Magnitude-8.2 earthquake sends people scrambling in northern Chile: ”
6094,451608316729229312,chileEarthquake2014,chileEarthquake2014,"['ThirdPartyObservation', 'MultimediaShare', 'ContinuingNews']",0,1,1,0,0,1,0,0,0,0,0,0,0,0,0,0,0,0,0,0,0,0,0,0,0,"Massive earthquake but little damage in Chile: IQUIQUE, Chile — Hard-won expertise and a big dose of luck help..."
6095,451337693482319872,chileEarthquake2014,chileEarthquake2014,"['ThirdPartyObservation', 'MultimediaShare', 'Factoid', 'ContinuingNews']",0,1,1,0,0,1,1,0,0,0,0,0,0,0,0,0,0,0,0,0,0,0,0,0,0,"#Chile Quake: 5 Die, 300 Women Escape #Prison - Apr 2 8:37 AM ET"
6096,451608563417235457,chileEarthquake2014,chileEarthquake2014,"['FirstPartyObservation', 'ContinuingNews']",0,0,1,0,0,0,0,1,0,0,0,0,0,0,0,0,0,0,0,0,0,0,0,0,0,Chile's president offers government support to Tuesday's earthquake victims
6097,451409390256394240,chileEarthquake2014,chileEarthquake2014,"['ThirdPartyObservation', 'MultimediaShare', 'ContinuingNews']",0,1,1,0,0,1,0,0,0,0,0,0,0,0,0,0,0,0,0,0,0,0,0,0,0,Major #earthquake slams #Chile's coast #video
6098,451346383308468224,chileEarthquake2014,chileEarthquake2014,"['ThirdPartyObservation', 'MultimediaShare', 'ContinuingNews']",0,1,1,0,0,1,0,0,0,0,0,0,0,0,0,0,0,0,0,0,0,0,0,0,0,Hundreds of inmates escape after 8.2 earthquake hits #Chile .
6099,451343111877193728,chileEarthquake2014,chileEarthquake2014,"['ThirdPartyObservation', 'MultimediaShare', 'ContinuingNews']",0,1,1,0,0,1,0,0,0,0,0,0,0,0,0,0,0,0,0,0,0,0,0,0,0,"Powerful 8.2. earthquake rocks Chile, 900K evacuated"
6100,451611576081350656,chileEarthquake2014,chileEarthquake2014,"['ThirdPartyObservation', 'ContinuingNews']",0,1,1,0,0,0,0,0,0,0,0,0,0,0,0,0,0,0,0,0,0,0,0,0,0,"7.8-magnitude #Aftershock strikes off coast of #Chile, USGS says #world #news"
6101,451348749554442240,chileEarthquake2014,chileEarthquake2014,"['ThirdPartyObservation', 'ContinuingNews']",0,1,1,0,0,0,0,0,0,0,0,0,0,0,0,0,0,0,0,0,0,0,0,0,0,"Powerful earthquake kills 6 in Chile: Santiago, Apr 2 (EFE).- A magnitude-8.2 earthquake hit northern Chile, k..."
6102,451338184518279169,chileEarthquake2014,chileEarthquake2014,"['ThirdPartyObservation', 'Factoid', 'ContinuingNews']",0,1,1,0,0,0,1,0,0,0,0,0,0,0,0,0,0,0,0,0,0,0,0,0,0,Massive earthquake kills at least 6 people in Chile.
6103,451374887962439680,chileEarthquake2014,chileEarthquake2014,"['Hashtags', 'ContinuingNews']",0,0,1,1,0,0,0,0,0,0,0,0,0,0,0,0,0,0,0,0,0,0,0,0,0,Tune in: Latest news on #Chile #earthquake with 2 Nieman alumni on at 14 EST - &amp;
6104,451613574863925248,chileEarthquake2014,chileEarthquake2014,"['ThirdPartyObservation', 'MultimediaShare', 'ContinuingNews']",0,1,1,0,0,1,0,0,0,0,0,0,0,0,0,0,0,0,0,0,0,0,0,0,0,Chile's navy says 1st tsunami waves reach Chilean coastline following 7.8-magnitude earthquake - ..BreakingNews
6105,451620935125438464,chileEarthquake2014,chileEarthquake2014,"['ThirdPartyObservation', 'MultimediaShare']",0,1,0,0,0,1,0,0,0,0,0,0,0,0,0,0,0,0,0,0,0,0,0,0,0,"So if the leader flees, how about his pplRT: Chile President ‘Flees’ As Strong Earthquake Strikes Country"
6106,451615710909722624,chileEarthquake2014,chileEarthquake2014,"['ThirdPartyObservation', 'ContinuingNews']",0,1,1,0,0,0,0,0,0,0,0,0,0,0,0,0,0,0,0,0,0,0,0,0,0,#mideast New earthquake in Chile prompts tsunami alerts
6107,451624654306701312,chileEarthquake2014,chileEarthquake2014,"['ThirdPartyObservation', 'MultimediaShare', 'ContinuingNews']",0,1,1,0,0,1,0,0,0,0,0,0,0,0,0,0,0,0,0,0,0,0,0,0,0,Chile earthquake 2014 - Amazing footages terremoto en chile! TSUNAMI: via
6108,451617095072378880,chileEarthquake2014,chileEarthquake2014,"['ThirdPartyObservation', 'MultimediaShare', 'ContinuingNews']",0,1,1,0,0,1,0,0,0,0,0,0,0,0,0,0,0,0,0,0,0,0,0,0,0,"A powerful 7.6 magnitude #earthquake has rocked northern #Chile, just over 24 hours after an 8.2 tremor killed..."
6109,451615228795432960,chileEarthquake2014,chileEarthquake2014,"['ThirdPartyObservation', 'MultimediaShare', 'ContinuingNews']",0,1,1,0,0,1,0,0,0,0,0,0,0,0,0,0,0,0,0,0,0,0,0,0,0,Tsunami fears recede after powerful Chile earthquake #News
6110,451650229524131840,chileEarthquake2014,chileEarthquake2014,"['FirstPartyObservation', 'MultimediaShare', 'ContinuingNews']",0,0,1,0,0,1,0,1,0,0,0,0,0,0,0,0,0,0,0,0,0,0,0,0,0,"Earthquake: M 4.8 - 96km WNW of Iquique, Chile: DYFI? - ITime2014-04-03 08:28:51 UTC2014-04-03 03:28:51 -05:00..."
6111,451613085782908928,chileEarthquake2014,chileEarthquake2014,['ThirdPartyObservation'],0,1,0,0,0,0,0,0,0,0,0,0,0,0,0,0,0,0,0,0,0,0,0,0,0,A 7.8 magnitude earthquake has struck off Chile's coast;USGS- media
6112,451625063834345472,chileEarthquake2014,chileEarthquake2014,"['ThirdPartyObservation', 'MultimediaShare']",0,1,0,0,0,1,0,0,0,0,0,0,0,0,0,0,0,0,0,0,0,0,0,0,0,Local Students In Chile Share Experiences From Earthquake
6113,451622740995227650,chileEarthquake2014,chileEarthquake2014,"['ThirdPartyObservation', 'MultimediaShare']",0,1,0,0,0,1,0,0,0,0,0,0,0,0,0,0,0,0,0,0,0,0,0,0,0,"Raw: 8.0 Earthquake Strikes Chile Triggers Tsunami For Chile, Peru and E...: via"
6114,451625478692958208,chileEarthquake2014,chileEarthquake2014,"['FirstPartyObservation', 'Official', 'ContinuingNews']",0,0,1,0,0,0,0,1,0,0,0,0,0,0,0,1,0,0,0,0,0,0,0,0,0,"Chile's Earthquake status as of April 3, 2014 GMT+8"
6115,451652440967098369,chileEarthquake2014,chileEarthquake2014,"['Hashtags', 'Sentiment']",0,0,0,1,1,0,0,0,0,0,0,0,0,0,0,0,0,0,0,0,0,0,0,0,0,Thank you for including our #travel #chile article in your daily! Cheers -
6116,451619777492942848,chileEarthquake2014,chileEarthquake2014,"['FirstPartyObservation', 'MultimediaShare', 'ContinuingNews']",0,0,1,0,0,1,0,1,0,0,0,0,0,0,0,0,0,0,0,0,0,0,0,0,0,"(Updated)M6.5 OFFSHORE TARAPACA, CHILE Depth 22.8km Apr 03, 2014 01:58:31 UTC, Apr 02, 2014 21:58:31 at epicenter"
6117,451624770833244160,chileEarthquake2014,chileEarthquake2014,"['ThirdPartyObservation', 'MultimediaShare', 'ContinuingNews']",0,1,1,0,0,1,0,0,0,0,0,0,0,0,0,0,0,0,0,0,0,0,0,0,0,"Orange earthquake alert (Magnitude 7.6M, Depth:40km) in Chile 03/04/2014 02:43 UTC, 238745 people within 100km."
6118,451651388041224192,chileEarthquake2014,chileEarthquake2014,"['Hashtags', 'Sentiment']",0,0,0,1,1,0,0,0,0,0,0,0,0,0,0,0,0,0,0,0,0,0,0,0,0,Pray for Republic of Chile #earthquake
6119,451620284852740096,chileEarthquake2014,chileEarthquake2014,['Discussion'],0,0,0,0,0,0,0,0,0,1,0,0,0,0,0,0,0,0,0,0,0,0,0,0,0,Another earthquake in Chile... 7.8 tonight.
6120,451652477062893568,chileEarthquake2014,chileEarthquake2014,"['ThirdPartyObservation', 'MultimediaShare', 'ContinuingNews']",0,1,1,0,0,1,0,0,0,0,0,0,0,0,0,0,0,0,0,0,0,0,0,0,0,Aftershock rocks Chile one day after deadly earthquake
6121,451618365715406849,chileEarthquake2014,chileEarthquake2014,"['FirstPartyObservation', 'ContinuingNews']",0,0,1,0,0,0,0,1,0,0,0,0,0,0,0,0,0,0,0,0,0,0,0,0,0,5 Dead After Powerful Quake Strikes Off Chile's Coast - A powerful earthquake with a preliminary magnitude of 8.2...
6122,451626293608873984,chileEarthquake2014,chileEarthquake2014,"['Hashtags', 'ContinuingNews']",0,0,1,1,0,0,0,0,0,0,0,0,0,0,0,0,0,0,0,0,0,0,0,0,0,#GHDiplomat: Earthquakes in #Chile &amp; small tsunami in #Japan are underlying the seriousness of the #UN's 2014 #Climatechange predictions
6123,451652542456287232,chileEarthquake2014,chileEarthquake2014,"['ThirdPartyObservation', 'MultimediaShare', 'Hashtags', 'ContinuingNews']",0,1,1,1,0,1,0,0,0,0,0,0,0,0,0,0,0,0,0,0,0,0,0,0,0,"Residents who have fled their homes sleep on an open street in Iquique, #Chile, after a powerful #earthquake measu"
6124,451622797286989824,chileEarthquake2014,chileEarthquake2014,"['FirstPartyObservation', 'ContinuingNews']",0,0,1,0,0,0,0,1,0,0,0,0,0,0,0,0,0,0,0,0,0,0,0,0,0,#earthquake Chile: Chile lifts tsunami alert after new earthquake #crisismanagement
6125,451622634405769216,chileEarthquake2014,chileEarthquake2014,"['ThirdPartyObservation', 'Discussion']",0,1,0,0,0,0,0,0,0,1,0,0,0,0,0,0,0,0,0,0,0,0,0,0,0,Another earthquake in Chile... 7.8 tonight.
6126,451615510925303808,chileEarthquake2014,chileEarthquake2014,"['ThirdPartyObservation', 'MultimediaShare', 'ContinuingNews']",0,1,1,0,0,1,0,0,0,0,0,0,0,0,0,0,0,0,0,0,0,0,0,0,0,"TAT'S 2 MIN NEWS 4114 Earthquake M8 2 -- 99km NW of Iquique, Chile 4114: via"
6127,451623668624261120,chileEarthquake2014,chileEarthquake2014,"['FirstPartyObservation', 'MultimediaShare', 'ContinuingNews']",0,0,1,0,0,1,0,1,0,0,0,0,0,0,0,0,0,0,0,0,0,0,0,0,0,"Earthquake ! ML 4.4 OFFSHORE TARAPACA, CHILE"
6128,451615203202179072,chileEarthquake2014,chileEarthquake2014,"['ThirdPartyObservation', 'ContinuingNews']",0,1,1,0,0,0,0,0,0,0,0,0,0,0,0,0,0,0,0,0,0,0,0,0,0,Tsunami waves hit Chile after earthquake
6129,451612624896397312,chileEarthquake2014,chileEarthquake2014,['Sentiment'],0,0,0,0,1,0,0,0,0,0,0,0,0,0,0,0,0,0,0,0,0,0,0,0,0,It's been a rough one for Chile to earthquake's in two days. First quake 8.2 and second 7.3. Thoughts are with all of those suffering
6130,451652164377927681,chileEarthquake2014,chileEarthquake2014,['Sentiment'],0,0,0,0,1,0,0,0,0,0,0,0,0,0,0,0,0,0,0,0,0,0,0,0,0,Prayers for survivors in #Chile
6131,451623710907068416,chileEarthquake2014,chileEarthquake2014,"['ThirdPartyObservation', 'Discussion']",0,1,0,0,0,0,0,0,0,1,0,0,0,0,0,0,0,0,0,0,0,0,0,0,0,#Reddit Another earthquake in Chile... 7.8 tonight.
6132,451617636145963008,chileEarthquake2014,chileEarthquake2014,"['ThirdPartyObservation', 'MultimediaShare', 'ContinuingNews']",0,1,1,0,0,1,0,0,0,0,0,0,0,0,0,0,0,0,0,0,0,0,0,0,0,"[LINK] #Chile 's #earthquake on tue, creating a tsunami, may not be the ""Big One"" predicted for the region"
6133,451651669814960128,chileEarthquake2014,chileEarthquake2014,"['ThirdPartyObservation', 'Advice']",0,1,0,0,0,0,0,0,0,0,0,0,0,0,1,0,0,0,0,0,0,0,0,0,0,Experts: Strict building codes saved lives in powerful Chile earthquake « Nurdin Budi Mustofa
6134,451620387462205440,chileEarthquake2014,chileEarthquake2014,"['ThirdPartyObservation', 'MultimediaShare', 'ContinuingNews']",0,1,1,0,0,1,0,0,0,0,0,0,0,0,0,0,0,0,0,0,0,0,0,0,0,Chile President ‘Flees’ As Strong Earthquake Strikes Country
6135,451652147122155520,chileEarthquake2014,chileEarthquake2014,"['FirstPartyObservation', 'ContinuingNews']",0,0,1,0,0,0,0,1,0,0,0,0,0,0,0,0,0,0,0,0,0,0,0,0,0,FUKUSHIMA JAPAN EARTHQUAKE COMING ? NEW UFOS ANOTHER CHILE EARTHQUAKE APRIL2 2014 3 #japan
6136,451622197673881600,chileEarthquake2014,chileEarthquake2014,"['ThirdPartyObservation', 'MultimediaShare', 'ContinuingNews']",0,1,1,0,0,1,0,0,0,0,0,0,0,0,0,0,0,0,0,0,0,0,0,0,0,""": Chile Hit By Second Powerful Earthquake """
6137,451614567441788928,chileEarthquake2014,chileEarthquake2014,"['ThirdPartyObservation', 'ContinuingNews']",0,1,1,0,0,0,0,0,0,0,0,0,0,0,0,0,0,0,0,0,0,0,0,0,0,Chile leader evacuates as second big quake strikes: A powerful 7.6 magnitude earthquake has rocked northern Ch...
6138,451622043696381952,chileEarthquake2014,chileEarthquake2014,"['ThirdPartyObservation', 'PastNews']",0,1,0,0,0,0,0,0,0,0,1,0,0,0,0,0,0,0,0,0,0,0,0,0,0,7.6 aftershock strikes off Chile: The death toll from a powerful 8.2-magnitude earthquake that struck off...
6139,451652145616416768,chileEarthquake2014,chileEarthquake2014,"['FirstPartyObservation', 'ContinuingNews']",0,0,1,0,0,0,0,1,0,0,0,0,0,0,0,0,0,0,0,0,0,0,0,0,0,8.2 Magnitude Earthquake in Chile! #chile
6140,451619795398455296,chileEarthquake2014,chileEarthquake2014,"['FirstPartyObservation', 'MultimediaShare', 'ContinuingNews']",0,0,1,0,0,1,0,1,0,0,0,0,0,0,0,0,0,0,0,0,0,0,0,0,0,"Earthquake ! ML 4.7 OFFSHORE TARAPACA, CHILE"
6141,451616246237102080,chileEarthquake2014,chileEarthquake2014,['Sentiment'],0,0,0,0,1,0,0,0,0,0,0,0,0,0,0,0,0,0,0,0,0,0,0,0,0,My #thoughts &amp; #prayers are with the #friends &amp; #families of the #ChileEarthquake and the #shooting today. #somanytragedieslately
6142,451652672722989056,chileEarthquake2014,chileEarthquake2014,['Sentiment'],0,0,0,0,1,0,0,0,0,0,0,0,0,0,0,0,0,0,0,0,0,0,0,0,0,"Chile earthquake, aftershock and aftermath. The worst is yet to come"
6143,451623428995284992,chileEarthquake2014,chileEarthquake2014,"['FirstPartyObservation', 'Official', 'ContinuingNews']",0,0,1,0,0,0,0,1,0,0,0,0,0,0,0,1,0,0,0,0,0,0,0,0,0,"Earthquake : M 4.9, 73km SW of Iquique, Chile: Thursday, April 03, 2014 06:54:31 UTC Thursday, April 03, 2014..."
6144,451621305230446592,chileEarthquake2014,chileEarthquake2014,['Sentiment'],0,0,0,0,1,0,0,0,0,0,0,0,0,0,0,0,0,0,0,0,0,0,0,0,0,Thinking and praying 4 #Chile. A second earthquake today.
6145,451611974317522944,chileEarthquake2014,chileEarthquake2014,['Sentiment'],0,0,0,0,1,0,0,0,0,0,0,0,0,0,0,0,0,0,0,0,0,0,0,0,0,"Whats happening in the nation of chile it wont stop trembling I think thats where the world's biggest earthquake to date took place,"
6146,451622228392570880,chileEarthquake2014,chileEarthquake2014,"['ThirdPartyObservation', 'ContinuingNews']",0,1,1,0,0,0,0,0,0,0,0,0,0,0,0,0,0,0,0,0,0,0,0,0,0,"EarthQuake Update: M 6.1 offshore tarapaca, chile: Magnitude M 6.1Region OFFSHORE TARAPACA, CHILEDate tim..."
6147,451625827671605248,chileEarthquake2014,chileEarthquake2014,"['ThirdPartyObservation', 'MultimediaShare', 'ContinuingNews']",0,1,1,0,0,1,0,0,0,0,0,0,0,0,0,0,0,0,0,0,0,0,0,0,0,Chile Earthquake Leaves European Southern Observatory (ESO) Telescopes Undamaged - Chile earthquake
6148,451619754063572992,chileEarthquake2014,chileEarthquake2014,"['FirstPartyObservation', 'Sentiment']",0,0,0,0,1,0,0,1,0,0,0,0,0,0,0,0,0,0,0,0,0,0,0,0,0,"JG, I'm reporting from Northern Chile, after earthquake 8.2 , day 03.01.2014 we are well,Please say a prayer for our country."
6149,451612525243559936,chileEarthquake2014,chileEarthquake2014,['Irrelevant'],1,0,0,0,0,0,0,0,0,0,0,0,0,0,0,0,0,0,0,0,0,0,0,0,0,No US tsunami threat from Chile aftershock
6150,451739723305074688,chileEarthquake2014,chileEarthquake2014,"['ThirdPartyObservation', 'Hashtags', 'ContinuingNews']",0,1,1,1,0,0,0,0,0,0,0,0,0,0,0,0,0,0,0,0,0,0,0,0,0,"#Chile hit by 8.2 #earthquake, #tsunami warning issued"
6151,451622407522881536,chileEarthquake2014,chileEarthquake2014,"['ThirdPartyObservation', 'ContinuingNews']",0,1,1,0,0,0,0,0,0,0,0,0,0,0,0,0,0,0,0,0,0,0,0,0,0,Damage From Chile Earthquake Far Less Severe Than Feared: Chilean President Michelle Bachelet toured northern...
6152,451624542063316992,chileEarthquake2014,chileEarthquake2014,['Sentiment'],0,0,0,0,1,0,0,0,0,0,0,0,0,0,0,0,0,0,0,0,0,0,0,0,0,It's really hazy and everything's covered in dust! Still nothing like as bad as Tsunami alerts in Chile and Peru!
6153,451652176557789184,chileEarthquake2014,chileEarthquake2014,"['MultimediaShare', 'Hashtags', 'ContinuingNews']",0,0,1,1,0,1,0,0,0,0,0,0,0,0,0,0,0,0,0,0,0,0,0,0,0,#Chile's navy cancels #tsunami alert following 7.6 #quake
6154,451616371244146688,chileEarthquake2014,chileEarthquake2014,['Sentiment'],0,0,0,0,1,0,0,0,0,0,0,0,0,0,0,0,0,0,0,0,0,0,0,0,0,So pathetic to hear a tsunami from chile's. Pray for chile
6155,451623325123346432,chileEarthquake2014,chileEarthquake2014,"['ThirdPartyObservation', 'MultimediaShare', 'ContinuingNews']",0,1,1,0,0,1,0,0,0,0,0,0,0,0,0,0,0,0,0,0,0,0,0,0,0,Chile well-prepared for big earthquake
6156,451617718471380992,chileEarthquake2014,chileEarthquake2014,"['ThirdPartyObservation', 'MultimediaShare', 'ContinuingNews']",0,1,1,0,0,1,0,0,0,0,0,0,0,0,0,0,0,0,0,0,0,0,0,0,0,"White earthquake alert (Magnitude 4.9M, Depth:103.04km) in Chile 03/04/2014 06:16 UTC, About 29716 people with..."
6157,451614297089515520,chileEarthquake2014,chileEarthquake2014,"['ContinuingNews', 'Discussion']",0,0,1,0,0,0,0,0,0,1,0,0,0,0,0,0,0,0,0,0,0,0,0,0,0,"Get ready 4 #thebigone “: 7.4-magnitude earthquake struck off coast of Chile tonight, says, day after 8.2 quake rocked region.”"
6158,451625486733824000,chileEarthquake2014,chileEarthquake2014,"['ThirdPartyObservation', 'ContinuingNews']",0,1,1,0,0,0,0,0,0,0,0,0,0,0,0,0,0,0,0,0,0,0,0,0,0,"7.4-magnitude earthquake struck off coast of Chile tonight, says, day after 8.2 quake rocked region."
6159,451619071113445378,chileEarthquake2014,chileEarthquake2014,"['ThirdPartyObservation', 'Hashtags']",0,1,0,1,0,0,0,0,0,0,0,0,0,0,0,0,0,0,0,0,0,0,0,0,0,"Every 10 to 20 minutes an earthquake in the area, #ChileEarthquake #ChileTerremoto #chiletsunami #Chile"
6160,451650473205190656,chileEarthquake2014,chileEarthquake2014,"['ThirdPartyObservation', 'PastNews']",0,1,0,0,0,0,0,0,0,0,1,0,0,0,0,0,0,0,0,0,0,0,0,0,0,At least 5 dead in powerful Chile earthquake
6161,451622120255004672,chileEarthquake2014,chileEarthquake2014,"['ThirdPartyObservation', 'MultimediaShare', 'ContinuingNews']",0,1,1,0,0,1,0,0,0,0,0,0,0,0,0,0,0,0,0,0,0,0,0,0,0,"#Chile #quake #aftermath #VIDEO: Buildings cracked, cars smashed, boats washed up #EarthquakeChile #earthquake"
6162,451613985880563713,chileEarthquake2014,chileEarthquake2014,"['ThirdPartyObservation', 'EmergingThreats', 'ContinuingNews']",0,1,1,0,0,0,0,0,0,0,0,0,0,0,0,0,0,0,1,0,0,0,0,0,0,"nope. - Tsunami warning in effect for Chile, Peru after magnitude 7.8 earthquake off northern Chile PTWC"
6163,451651371876376576,chileEarthquake2014,chileEarthquake2014,"['ThirdPartyObservation', 'ContinuingNews']",0,1,1,0,0,0,0,0,0,0,0,0,0,0,0,0,0,0,0,0,0,0,0,0,0,PH monitoring tsunami threat from Chile quake
6164,451624301922226176,chileEarthquake2014,chileEarthquake2014,"['ThirdPartyObservation', 'ContinuingNews']",0,1,1,0,0,0,0,0,0,0,0,0,0,0,0,0,0,0,0,0,0,0,0,0,0,Experts: Strict building codes saved lives in powerful Chile earthquake - CNN
6165,451617619758415872,chileEarthquake2014,chileEarthquake2014,"['ThirdPartyObservation', 'ContinuingNews']",0,1,1,0,0,0,0,0,0,0,0,0,0,0,0,0,0,0,0,0,0,0,0,0,0,#Chile Earthquake: New Zealand Woman Rachel Lilburn Recalls Experience of 8.2 Magnitude Quake - #aftershock
6166,451618270966067200,chileEarthquake2014,chileEarthquake2014,"['Hashtags', 'Sentiment']",0,0,0,1,1,0,0,0,0,0,0,0,0,0,0,0,0,0,0,0,0,0,0,0,0,"#Teamfollowback #RT Preparation, good luck help Chile avoid disaster in big earthquake"
6167,451619510663909377,chileEarthquake2014,chileEarthquake2014,"['FirstPartyObservation', 'MultimediaShare', 'ContinuingNews']",0,0,1,0,0,1,0,1,0,0,0,0,0,0,0,0,0,0,0,0,0,0,0,0,0,National › Small tsunami waves reach Japan after Chile quake: Small tsunami waves hit northern Japan early Thu...
6168,451619018739159040,chileEarthquake2014,chileEarthquake2014,"['FirstPartyObservation', 'MultimediaShare', 'ContinuingNews']",0,0,1,0,0,1,0,1,0,0,0,0,0,0,0,0,0,0,0,0,0,0,0,0,0,Chile earthquake 2014 - Amazing footages terremoto en chile! TSUNAMI #chile
6169,451615123653025792,chileEarthquake2014,chileEarthquake2014,"['ThirdPartyObservation', 'Hashtags', 'ContinuingNews']",0,1,1,1,0,0,0,0,0,0,0,0,0,0,0,0,0,0,0,0,0,0,0,0,0,Mag 5.7 OFFSHORE TARAPACA CHILE 04/03/2014 05:51:45 #earthquake #seismic #quake
6170,451620272693444608,chileEarthquake2014,chileEarthquake2014,"['ThirdPartyObservation', 'ContinuingNews']",0,1,1,0,0,0,0,0,0,0,0,0,0,0,0,0,0,0,0,0,0,0,0,0,0,Chile's navy canceled tsunami alert for all of the coastline following a strong 7.6 magnitude quake off the north of the country (Reuters)
6171,451791119211175936,chileEarthquake2014,chileEarthquake2014,"['Hashtags', 'Sentiment']",0,0,0,1,1,0,0,0,0,0,0,0,0,0,0,0,0,0,0,0,0,0,0,0,0,"my prayer goes out to the victims on #chile #earthquake - each day has enough trouble of its own, hopefully it will be quickly recovered."
6172,451762110515929088,chileEarthquake2014,chileEarthquake2014,"['MultimediaShare', 'Hashtags']",0,0,0,1,0,1,0,0,0,0,0,0,0,0,0,0,0,0,0,0,0,0,0,0,0,"#USA # #Powerful 8.2-magnitude #earthquake #off #Chile #kills #at #least 5, #forces #evacuations #A #powerful #mag…"
6173,451791266783588352,chileEarthquake2014,chileEarthquake2014,"['Hashtags', 'Irrelevant']",1,0,0,1,0,0,0,0,0,0,0,0,0,0,0,0,0,0,0,0,0,0,0,0,0,#Aluminum Rises to 2014 High on Global Supply Concerns via
6174,451963283067514880,chileEarthquake2014,chileEarthquake2014,"['ThirdPartyObservation', 'SignificantEventChange', 'MultimediaShare', 'ContinuingNews']",0,1,1,0,0,1,0,0,0,0,0,0,0,0,0,0,1,0,0,0,0,0,0,0,0,Chileans scramble for supplies after new quake - Yahoo News UK via
6175,451977906424537088,chileEarthquake2014,chileEarthquake2014,"['FirstPartyObservation', 'Official', 'ContinuingNews']",0,0,1,0,0,0,0,1,0,0,0,0,0,0,0,1,0,0,0,0,0,0,0,0,0,"Indonesia lifts tsunami warning after Chile's quake - CCTV ""."
6176,451761132337115136,chileEarthquake2014,chileEarthquake2014,"['FirstPartyObservation', 'MultimediaShare', 'Official', 'ContinuingNews']",0,0,1,0,0,1,0,1,0,0,0,0,0,0,0,1,0,0,0,0,0,0,0,0,0,More than 250 aftershocks have shaken Northern #Chile since 8.2 quake. Largest recorded at 7.6 last night #ChileEarthquake
6177,451905726403706880,chileEarthquake2014,chileEarthquake2014,"['FirstPartyObservation', 'MultimediaShare']",0,0,0,0,0,1,0,1,0,0,0,0,0,0,0,0,0,0,0,0,0,0,0,0,0,PHOTO: Residents camp out near Iquique after a second earthquake measuring 7.6 rocks northern Chile
6178,451758748714160129,chileEarthquake2014,chileEarthquake2014,"['ThirdPartyObservation', 'MultimediaShare', 'Hashtags', 'ContinuingNews']",0,1,1,1,0,1,0,0,0,0,0,0,0,0,0,0,0,0,0,0,0,0,0,0,0,"""Could a larger earthquake await Chile?"" LA Times ayer. La respuesta es:probably. #nowonder"
6179,451800368947556353,chileEarthquake2014,chileEarthquake2014,['Advice'],0,0,0,0,0,0,0,0,0,0,0,0,0,0,1,0,0,0,0,0,0,0,0,0,0,Earthquake and tsunami in Chile: Effective regional cooperation and preparedness saves lives. UN EDUCATIONAL:
6180,451958862619242496,chileEarthquake2014,chileEarthquake2014,"['MultimediaShare', 'Factoid', 'Official', 'ContinuingNews']",0,0,1,0,0,1,1,0,0,0,0,0,0,0,0,1,0,0,0,0,0,0,0,0,0,"UPDATE: 8.2 Chile Earthquake Video 6 dead Tsunami Warning for Chile, Peru and Ecuador #peru"
6181,451759926348886016,chileEarthquake2014,chileEarthquake2014,"['ThirdPartyObservation', 'MultimediaShare', 'Official', 'ContinuingNews']",0,1,1,0,0,1,0,0,0,0,0,0,0,0,0,1,0,0,0,0,0,0,0,0,0,#Dutchsinse he breaks down the info 4 u 4/02/2014 -- SECOND Large 7.8M #earthquake strikes Chile
6182,451907456075968513,chileEarthquake2014,chileEarthquake2014,"['ThirdPartyObservation', 'PastNews']",0,1,0,0,0,0,0,0,0,0,1,0,0,0,0,0,0,0,0,0,0,0,0,0,0,Earthquake off the coast of Chile: A powerful 8.2 magnitude earthquake hit the Chile coast late April 1 that caused a small tsunami. ...
6183,451788074297872385,chileEarthquake2014,chileEarthquake2014,"['ThirdPartyObservation', 'MultimediaShare']",0,1,0,0,0,1,0,0,0,0,0,0,0,0,0,0,0,0,0,0,0,0,0,0,0,Chile Earthquake: Strict Building Rules May Keep Death Toll Low
6184,451960090120048640,chileEarthquake2014,chileEarthquake2014,"['ThirdPartyObservation', 'MultimediaShare', 'ContinuingNews']",0,1,1,0,0,1,0,0,0,0,0,0,0,0,0,0,0,0,0,0,0,0,0,0,0,"Massive 8.0 Earthquake Strikes Off The Coast Of Chile - A massive 8.0 magnitude earthquake , according to the USGS..."
6185,451789301487906816,chileEarthquake2014,chileEarthquake2014,"['ThirdPartyObservation', 'Hashtags']",0,1,0,1,0,0,0,0,0,0,0,0,0,0,0,0,0,0,0,0,0,0,0,0,0,#Chile #Earthquake Shakes Up World #Copper Prices | Fox News Latino via #industrial #metals #mining
6186,451954765552168960,chileEarthquake2014,chileEarthquake2014,"['MultimediaShare', 'ContinuingNews']",0,0,1,0,0,1,0,0,0,0,0,0,0,0,0,0,0,0,0,0,0,0,0,0,0,ABC World News Now Deadly Earthquake Strikes Off Chile's Coast | Watch:
6187,451906661121544192,chileEarthquake2014,chileEarthquake2014,"['MultimediaShare', 'PastNews']",0,0,0,0,0,1,0,0,0,0,1,0,0,0,0,0,0,0,0,0,0,0,0,0,0,Residents camp out near Iquique after a second earthquake measuring 7.6 rocks northern Chile | PHOTO via AFP
6188,451759998339907584,chileEarthquake2014,chileEarthquake2014,['PastNews'],0,0,0,0,0,0,0,0,0,0,1,0,0,0,0,0,0,0,0,0,0,0,0,0,0,LIVE EARTHQUAKE CHILE LASTNIGHT
6189,451941391145259008,chileEarthquake2014,chileEarthquake2014,"['FirstPartyObservation', 'ContinuingNews']",0,0,1,0,0,0,0,1,0,0,0,0,0,0,0,0,0,0,0,0,0,0,0,0,0,"Powerful earthquake #strikes off Chile, triggers tsunami - (CNN) -- An 8.2-magnitude earthquake struck off the..."
6190,451805812357222401,chileEarthquake2014,chileEarthquake2014,['Sentiment'],0,0,0,0,1,0,0,0,0,0,0,0,0,0,0,0,0,0,0,0,0,0,0,0,0,"Yesterday Chile got another earthquake, poor people from Arica (Chile) luckily they didn't have a tsunami."
6191,451940047890022400,chileEarthquake2014,chileEarthquake2014,"['ThirdPartyObservation', 'PastNews']",0,1,0,0,0,0,0,0,0,0,1,0,0,0,0,0,0,0,0,0,0,0,0,0,0,A large earthquake of Magnitude 8.5 strikes off Chile’s coast: A large earthquake of Magnitude 8.5 strikes off...
6192,451944804352421888,chileEarthquake2014,chileEarthquake2014,"['ThirdPartyObservation', 'MultimediaShare', 'ContinuingNews']",0,1,1,0,0,1,0,0,0,0,0,0,0,0,0,0,0,0,0,0,0,0,0,0,0,: Wow x 2:“: Wow from : Terrifying Animation Shows How Chile Tsunami spread Pacific ”
6193,451802681657798658,chileEarthquake2014,chileEarthquake2014,"['ThirdPartyObservation', 'MultimediaShare']",0,1,0,0,0,1,0,0,0,0,0,0,0,0,0,0,0,0,0,0,0,0,0,0,0,“: Strict building codes and earthquake preparedness saves lives and livelihoods #ChileEarthquake : ”
6194,451953047301013504,chileEarthquake2014,chileEarthquake2014,"['MultimediaShare', 'ContinuingNews']",0,0,1,0,0,1,0,0,0,0,0,0,0,0,0,0,0,0,0,0,0,0,0,0,0,ABC World News Now Deadly Earthquake Strikes Off Chile's Coast | Watch:
6195,451798061673488385,chileEarthquake2014,chileEarthquake2014,"['ThirdPartyObservation', 'ContinuingNews']",0,1,1,0,0,0,0,0,0,0,0,0,0,0,0,0,0,0,0,0,0,0,0,0,0,"Elf: Chile 8.2 Earthquake: Chile 8.2 Earthquake, Fresh off the heels of a magnitude-8.2 earthquake off the coast..."
6196,451805187452469248,chileEarthquake2014,chileEarthquake2014,"['Hashtags', 'Discussion']",0,0,0,1,0,0,0,0,0,1,0,0,0,0,0,0,0,0,0,0,0,0,0,0,0,*phew* -&gt; #Earthquake in #Chile Spares #Wine Regions via
6197,451740535158755329,chileEarthquake2014,chileEarthquake2014,"['ThirdPartyObservation', 'MultimediaShare', 'Hashtags', 'ContinuingNews']",0,1,1,1,0,1,0,0,0,0,0,0,0,0,0,0,0,0,0,0,0,0,0,0,0,"#Chile hit by 8.2 #earthquake, #tsunami warning issued"
6198,451761942470746113,chileEarthquake2014,chileEarthquake2014,"['ThirdPartyObservation', 'MultimediaShare', 'ContinuingNews']",0,1,1,0,0,1,0,0,0,0,0,0,0,0,0,0,0,0,0,0,0,0,0,0,0,Chile earthquake: Do bigger tremors loom?
6199,451797177132941312,chileEarthquake2014,chileEarthquake2014,"['ThirdPartyObservation', 'MultimediaShare', 'ContinuingNews']",0,1,1,0,0,1,0,0,0,0,0,0,0,0,0,0,0,0,0,0,0,0,0,0,0,The Destruction Left Behind After Chile's Earthquake (PHOTOS)
6200,451792814146207744,chileEarthquake2014,chileEarthquake2014,['Discussion'],0,0,0,0,0,0,0,0,0,1,0,0,0,0,0,0,0,0,0,0,0,0,0,0,0,will there be fundraising for Chile's quake and tsunami?
6201,451758191202672640,chileEarthquake2014,chileEarthquake2014,['Hashtags'],0,0,0,1,0,0,0,0,0,0,0,0,0,0,0,0,0,0,0,0,0,0,0,0,0,Amateur Radio - Chile Earthquake - Ham Radio Activation: The Radio Club de Chile has been acti... #hamradio #hamr
6202,451978517647872001,chileEarthquake2014,chileEarthquake2014,"['FirstPartyObservation', 'MultimediaShare', 'Hashtags', 'ContinuingNews']",0,0,1,1,0,1,0,1,0,0,0,0,0,0,0,0,0,0,0,0,0,0,0,0,0,Chile Begins Assessing Damage From Earthquake #chile
6203,451788896570204160,chileEarthquake2014,chileEarthquake2014,"['ThirdPartyObservation', 'MultimediaShare']",0,1,0,0,0,1,0,0,0,0,0,0,0,0,0,0,0,0,0,0,0,0,0,0,0,The Destruction Left Behind After Chile's Earthquake (PHOTOS)
6204,452239020819365888,chileEarthquake2014,chileEarthquake2014,"['FirstPartyObservation', 'MultimediaShare', 'Official', 'ContinuingNews']",0,0,1,0,0,1,0,1,0,0,0,0,0,0,0,1,0,0,0,0,0,0,0,0,0,4/01/2014 -- 8.2M Earthquake Strikes Chile -- Tsunami warnings were issued #chile
6205,451787146316484608,chileEarthquake2014,chileEarthquake2014,"['Hashtags', 'Sentiment']",0,0,0,1,1,0,0,0,0,0,0,0,0,0,0,0,0,0,0,0,0,0,0,0,0,#RT I'm scared but with all of you #Help #ChileEarthquake #ChileEarthquakeAndTsunami #iquique
6206,451797420608065536,chileEarthquake2014,chileEarthquake2014,"['FirstPartyObservation', 'MultimediaShare', 'ContinuingNews']",0,0,1,0,0,1,0,1,0,0,0,0,0,0,0,0,0,0,0,0,0,0,0,0,0,ABC World News Now Deadly Earthquake Strikes Off Chile's Coast | Watch:
6207,451807153808871424,chileEarthquake2014,chileEarthquake2014,['PastNews'],0,0,0,0,0,0,0,0,0,0,1,0,0,0,0,0,0,0,0,0,0,0,0,0,0,"#Chile has over the years implemented strict building codes and rigorous evacuation plans, experts said."
6208,451759310532804608,chileEarthquake2014,chileEarthquake2014,['Discussion'],0,0,0,0,0,0,0,0,0,1,0,0,0,0,0,0,0,0,0,0,0,0,0,0,0,Natural Disaster and Democratic Legitimacy : The Public Opinion Consequences of Chile’s 2010 Earthquake and Tsunami
6209,451760255228469248,chileEarthquake2014,chileEarthquake2014,"['Official', 'PastNews', 'Sentiment']",0,0,0,0,1,0,0,0,0,0,1,0,0,0,0,1,0,0,0,0,0,0,0,0,0,"All the aftershocks today, keeping my country and people in my prayers ️️️ #PrayForChile"
6210,451950643406598144,chileEarthquake2014,chileEarthquake2014,"['MultimediaShare', 'ContinuingNews']",0,0,1,0,0,1,0,0,0,0,0,0,0,0,0,0,0,0,0,0,0,0,0,0,0,WA needs a seismic school retrofit program too. Another Warning for the Northwest From Chile’s Earthquake Hot Zone
6211,451807116257275904,chileEarthquake2014,chileEarthquake2014,"['Weather', 'ContinuingNews']",0,0,1,0,0,0,0,0,0,0,0,0,0,0,0,0,0,0,0,0,0,0,0,1,0,"EARTHQUAKE REPORTS • Re: M5.1 - 120km WNW of Iquique, Chile: M5.2 - 99km WSW of Iquique, Chile 2014-04-03..."
6212,451972967145017344,chileEarthquake2014,chileEarthquake2014,"['FirstPartyObservation', 'EmergingThreats', 'MultimediaShare', 'ContinuingNews']",0,0,1,0,0,1,0,1,0,0,0,0,0,0,0,0,0,0,1,0,0,0,0,0,0,"8.0 EARTHQUAKE,CHILE, PACIFIC TSUNAMI WARNING. #chile"
6213,451781616042786816,chileEarthquake2014,chileEarthquake2014,"['Hashtags', 'Sentiment']",0,0,0,1,1,0,0,0,0,0,0,0,0,0,0,0,0,0,0,0,0,0,0,0,0,"not only #LatinAmerica… but this complete hemisphere needs to unite on developments. From #Canada to #Chile, #mexico &amp; #PR"
6214,451782485849149440,chileEarthquake2014,chileEarthquake2014,"['FirstPartyObservation', 'MultimediaShare', 'ContinuingNews']",0,0,1,0,0,1,0,1,0,0,0,0,0,0,0,0,0,0,0,0,0,0,0,0,0,PHOTOS: These images that capture destruction left behind after Chile's powerful earthquake
6215,451914810230603776,chileEarthquake2014,chileEarthquake2014,"['MultimediaShare', 'PastNews']",0,0,0,0,0,1,0,0,0,0,1,0,0,0,0,0,0,0,0,0,0,0,0,0,0,"Via: : PHOTO: Residents camp out near Iquique after a second earthquake measuring 7.6 rocks northern Chile """
6216,451758022944366593,chileEarthquake2014,chileEarthquake2014,"['ThirdPartyObservation', 'ContinuingNews']",0,1,1,0,0,0,0,0,0,0,0,0,0,0,0,0,0,0,0,0,0,0,0,0,0,USA » NEWS » HOT NEWS 701 Chile Earthquake Massive Chile Earthquake May Not Be the quotBig Onequot janinebucks Okla…
6217,451870367397588992,chileEarthquake2014,chileEarthquake2014,['Sentiment'],0,0,0,0,1,0,0,0,0,0,0,0,0,0,0,0,0,0,0,0,0,0,0,0,0,""": I'm with you! #Praying #for #Chile """
6218,451759355407654912,chileEarthquake2014,chileEarthquake2014,"['Discussion', 'Irrelevant']",1,0,0,0,0,0,0,0,0,1,0,0,0,0,0,0,0,0,0,0,0,0,0,0,0,"Yes, in Chile, south of Iquique(Iquique was a Peruvian city until 1879) yes, it was dangerous, i had tsunami warning"
6219,451786794808647680,chileEarthquake2014,chileEarthquake2014,"['FirstPartyObservation', 'MultimediaShare', 'ContinuingNews']",0,0,1,0,0,1,0,1,0,0,0,0,0,0,0,0,0,0,0,0,0,0,0,0,0,Watch: Animation of the Tsunami Resulting from Earthquake in Northern Chile on 1 April 2014
6220,451785703500705792,chileEarthquake2014,chileEarthquake2014,"['ThirdPartyObservation', 'MultimediaShare', 'Official']",0,1,0,0,0,1,0,0,0,0,0,0,0,0,0,1,0,0,0,0,0,0,0,0,0,#Chile all are safe
6221,451761682092929024,chileEarthquake2014,chileEarthquake2014,"['Hashtags', 'Sentiment']",0,0,0,1,1,0,0,0,0,0,0,0,0,0,0,0,0,0,0,0,0,0,0,0,0,Another earthquake in chile last night my god! #ChileEarthquake #Chile #PrayForChile
6222,451758440147603456,chileEarthquake2014,chileEarthquake2014,"['MultimediaShare', 'ContinuingNews']",0,0,1,0,0,1,0,0,0,0,0,0,0,0,0,0,0,0,0,0,0,0,0,0,0,The Aftermath of Chile's Earthquake
6223,451758081261989889,chileEarthquake2014,chileEarthquake2014,"['ThirdPartyObservation', 'MultimediaShare', 'ContinuingNews']",0,1,1,0,0,1,0,0,0,0,0,0,0,0,0,0,0,0,0,0,0,0,0,0,0,The Aftermath of Chile's Earthquake
6224,451785707879948288,chileEarthquake2014,chileEarthquake2014,"['Hashtags', 'ContinuingNews']",0,0,1,1,0,0,0,0,0,0,0,0,0,0,0,0,0,0,0,0,0,0,0,0,0,New #CrisisMapping tool from - Using AIDR to Collect and Analyze Tweets from #ChileEarthquake
6225,451902523872260096,chileEarthquake2014,chileEarthquake2014,"['FirstPartyObservation', 'MultimediaShare', 'ContinuingNews']",0,0,1,0,0,1,0,1,0,0,0,0,0,0,0,0,0,0,0,0,0,0,0,0,0,"UPDATE: 8.2 Chile Earthquake Video 6 dead Tsunami Warning for Chile, Peru and Ecuador #peru"
6226,452241848350691328,chileEarthquake2014,chileEarthquake2014,"['ThirdPartyObservation', 'MultimediaShare', 'ContinuingNews']",0,1,1,0,0,1,0,0,0,0,0,0,0,0,0,0,0,0,0,0,0,0,0,0,0,"Chile earthquake: How loss of life, damage was minimized"
6227,451885134392729601,chileEarthquake2014,chileEarthquake2014,"['ThirdPartyObservation', 'EmergingThreats', 'MultimediaShare', 'ContinuingNews']",0,1,1,0,0,1,0,0,0,0,0,0,0,0,0,0,0,0,1,0,0,0,0,0,0,"Earthquake 5 mb, 41 km WSW of Iquique, Chile | Earthquakes today"
6228,451784341211725824,chileEarthquake2014,chileEarthquake2014,"['ThirdPartyObservation', 'MultimediaShare']",0,1,0,0,0,1,0,0,0,0,0,0,0,0,0,0,0,0,0,0,0,0,0,0,0,Earthquake In Chile: via
6229,451920870181572608,chileEarthquake2014,chileEarthquake2014,"['ThirdPartyObservation', 'MultimediaShare', 'Sentiment']",0,1,0,0,1,1,0,0,0,0,0,0,0,0,0,0,0,0,0,0,0,0,0,0,0,Another Powerful Quake Rocks Northern #Chile - NBC 22 stories-I hope you're safe[:)
6230,451877737708683264,chileEarthquake2014,chileEarthquake2014,['PastNews'],0,0,0,0,0,0,0,0,0,0,1,0,0,0,0,0,0,0,0,0,0,0,0,0,0,World Earthquake Today in Chile
6231,451760052391534592,chileEarthquake2014,chileEarthquake2014,"['ThirdPartyObservation', 'MultimediaShare']",0,1,0,0,0,1,0,0,0,0,0,0,0,0,0,0,0,0,0,0,0,0,0,0,0,A diver walks between boats washed inland after a tsunami hit the northern port of Iquique
6232,451802665727832064,chileEarthquake2014,chileEarthquake2014,"['Hashtags', 'PastNews']",0,0,0,1,0,0,0,0,0,0,1,0,0,0,0,0,0,0,0,0,0,0,0,0,0,The #Iquique #Chile #earthquake from the perspective of a paleoseismologiest:
6233,451968765186437120,chileEarthquake2014,chileEarthquake2014,"['Sentiment', 'Irrelevant']",1,0,0,0,1,0,0,0,0,0,0,0,0,0,0,0,0,0,0,0,0,0,0,0,0,Re: Our friend Vitoko safe with family in secure area after 8M earthquake in Iquique: Glad you're safe... #TAR19
6234,451758823305265152,chileEarthquake2014,chileEarthquake2014,"['MultimediaShare', 'Hashtags', 'Sentiment']",0,0,0,1,1,1,0,0,0,0,0,0,0,0,0,0,0,0,0,0,0,0,0,0,0,please calm down sea #PrayForChile #Chile #FuerzaChile #selfie
6235,451946908706037760,chileEarthquake2014,chileEarthquake2014,"['FirstPartyObservation', 'Hashtags', 'ContinuingNews']",0,0,1,1,0,0,0,1,0,0,0,0,0,0,0,0,0,0,0,0,0,0,0,0,0,ARRL: Hams on Alert in Wake of Chile Earthquake #hamr
6236,451757860285059072,chileEarthquake2014,chileEarthquake2014,"['Hashtags', 'ContinuingNews']",0,0,1,1,0,0,0,0,0,0,0,0,0,0,0,0,0,0,0,0,0,0,0,0,0,#ChileEarthquake #aftershock #ChileEarthquakeAndTsunami
6237,451761770663661569,chileEarthquake2014,chileEarthquake2014,"['ThirdPartyObservation', 'Weather', 'Official', 'ContinuingNews']",0,1,1,0,0,0,0,0,0,0,0,0,0,0,0,1,0,0,0,0,0,0,0,1,0,Small tsunami waves have arrived on the California coast after the 8.2 earthquake that struck Chile's northern...
6238,451978306758270976,chileEarthquake2014,chileEarthquake2014,['Irrelevant'],1,0,0,0,0,0,0,0,0,0,0,0,0,0,0,0,0,0,0,0,0,0,0,0,0,Strange Events Before &amp; After Earthquakes: After the 2010 Chile earthquake people started to notice... #不思議
6239,452248283977502720,chileEarthquake2014,chileEarthquake2014,"['FirstPartyObservation', 'MultimediaShare', 'Official', 'ContinuingNews']",0,0,1,0,0,1,0,1,0,0,0,0,0,0,0,1,0,0,0,0,0,0,0,0,0,Chile Earthquake 2014 | 8.2 Magnitude Earthquake Strikes Chile | Tsunami Warning #chile
6240,451758636105080832,chileEarthquake2014,chileEarthquake2014,"['ThirdPartyObservation', 'MultimediaShare', 'ContinuingNews']",0,1,1,0,0,1,0,0,0,0,0,0,0,0,0,0,0,0,0,0,0,0,0,0,0,Watch: Northern Chile hit by new 7.8 earthquake
6241,451792209671507968,chileEarthquake2014,chileEarthquake2014,"['ThirdPartyObservation', 'MultimediaShare']",0,1,0,0,0,1,0,0,0,0,0,0,0,0,0,0,0,0,0,0,0,0,0,0,0,Chile tsunami alert quake kills six - Chile Earthquake
6242,451894519898718209,chileEarthquake2014,chileEarthquake2014,"['ThirdPartyObservation', 'MultimediaShare', 'PastNews']",0,1,0,0,0,1,0,0,0,0,1,0,0,0,0,0,0,0,0,0,0,0,0,0,0,Earthquake off the coast of Chile: A powerful 8.2 magnitude earthquake hit the Chile coast late April 1 that c...
6243,451760532257652736,chileEarthquake2014,chileEarthquake2014,"['ThirdPartyObservation', 'MultimediaShare']",0,1,0,0,0,1,0,0,0,0,0,0,0,0,0,0,0,0,0,0,0,0,0,0,0,Chile earthquake moment caught on camera
6244,456136150764113920,chileEarthquake2014,chileEarthquake2014,"['FirstPartyObservation', 'MultimediaShare', 'Hashtags', 'ContinuingNews']",0,0,1,1,0,1,0,1,0,0,0,0,0,0,0,0,0,0,0,0,0,0,0,0,0,"4.7 magnitude #earthquake. 64 km from Iquique, #Tarapaca, Chile"
6245,452687416155836416,chileEarthquake2014,chileEarthquake2014,"['FirstPartyObservation', 'Factoid', 'Official', 'ContinuingNews']",0,0,1,0,0,0,1,1,0,0,0,0,0,0,0,1,0,0,0,0,0,0,0,0,0,Five killed in 8.2 magnitude quake in Chile #chile
6246,452265127073427456,chileEarthquake2014,chileEarthquake2014,"['ThirdPartyObservation', 'ContinuingNews']",0,1,1,0,0,0,0,0,0,0,0,0,0,0,0,0,0,0,0,0,0,0,0,0,0,Earthquake off the coast of Chile
6247,456696436545945602,chileEarthquake2014,chileEarthquake2014,"['MultimediaShare', 'ContinuingNews', 'Sentiment']",0,0,1,0,1,1,0,0,0,0,0,0,0,0,0,0,0,0,0,0,0,0,0,0,0,"at the same time, let's not forget to also #PrayforChile : Chile Fights Historic Battle Against Mammoth Wildfires"
6248,452282875459551232,chileEarthquake2014,chileEarthquake2014,"['FirstPartyObservation', 'MultimediaShare', 'Official', 'ContinuingNews']",0,0,1,0,0,1,0,1,0,0,0,0,0,0,0,1,0,0,0,0,0,0,0,0,0,Chile Mega Quake 8.2 Tsunami Warnings #chile
6249,452276981355122688,chileEarthquake2014,chileEarthquake2014,"['ThirdPartyObservation', 'MultimediaShare', 'ContinuingNews']",0,1,1,0,0,1,0,0,0,0,0,0,0,0,0,0,0,0,0,0,0,0,0,0,0,Terrifying Animation Shows How Chile’s Tsunami Took Over the Entire Pacific Ocean | Science | WIRED
6250,452297605608112129,chileEarthquake2014,chileEarthquake2014,"['ThirdPartyObservation', 'MultimediaShare', 'ContinuingNews']",0,1,1,0,0,1,0,0,0,0,0,0,0,0,0,0,0,0,0,0,0,0,0,0,0,Terrifying Animation Shows How Chile’s Tsunami Took Over the Entire Pacific Ocean
6251,452272427272126465,chileEarthquake2014,chileEarthquake2014,"['FirstPartyObservation', 'MultimediaShare', 'Official', 'ContinuingNews']",0,0,1,0,0,1,0,1,0,0,0,0,0,0,0,1,0,0,0,0,0,0,0,0,0,"M4.3 OFF THE COAST OF TARAPACA, CHILE Depth 20.1km Apr 05, 2014 02:17:18 UTC, Apr 04, 2014 21:17:18 at epicenter"
6252,452313787962372096,chileEarthquake2014,chileEarthquake2014,"['EmergingThreats', 'MultimediaShare', 'Official', 'ContinuingNews']",0,0,1,0,0,1,0,0,0,0,0,0,0,0,0,1,0,0,1,0,0,0,0,0,0,Earthquake in Chile: 8.2 magnitude quake sparks tsunami warning #chile
6253,456703651633827840,chileEarthquake2014,chileEarthquake2014,"['ThirdPartyObservation', 'MultimediaShare', 'Official', 'Hashtags', 'ContinuingNews']",0,1,1,1,0,1,0,0,0,0,0,0,0,0,0,1,0,0,0,0,0,0,0,0,0,"4.8 magnitude #earthquake. 84 km from #Iquique, Tarapaca, Chile"
6254,452284375347265536,chileEarthquake2014,chileEarthquake2014,"['Hashtags', 'Sentiment']",0,0,0,1,1,0,0,0,0,0,0,0,0,0,0,0,0,0,0,0,0,0,0,0,0,"#chile I love you, but enough of #quake"
6255,452655860993380354,chileEarthquake2014,chileEarthquake2014,"['FirstPartyObservation', 'Official', 'Hashtags', 'ContinuingNews']",0,0,1,1,0,0,0,1,0,0,0,0,0,0,0,1,0,0,0,0,0,0,0,0,0,TSUNAMI CHILE!!!!EARTHQUAKE AMAZING FOOTAGES 2014 #chile
6256,452269718532263936,chileEarthquake2014,chileEarthquake2014,"['FirstPartyObservation', 'Weather', 'Official', 'ContinuingNews']",0,0,1,0,0,0,0,1,0,0,0,0,0,0,0,1,0,0,0,0,0,0,0,1,0,"M4.3 OFF THE COAST OF TARAPACA, CHILE Depth 15.9km Apr 05, 2014 02:05:45 UTC, Apr 04, 2014 21:05:45 at epicenter"
6257,456704246814371840,chileEarthquake2014,chileEarthquake2014,"['Hashtags', 'Sentiment']",0,0,0,1,1,0,0,0,0,0,0,0,0,0,0,0,0,0,0,0,0,0,0,0,0,"honestly tho, with so many things going on... #PrayForSouthKorea #PrayForMH370 #PrayForChile #PrayForSyria &gt;&gt;&gt;&gt; #PrayForTheWorld"
6258,452300887017287682,chileEarthquake2014,chileEarthquake2014,"['FirstPartyObservation', 'MultimediaShare', 'Official', 'Hashtags', 'ContinuingNews']",0,0,1,1,0,1,0,1,0,0,0,0,0,0,0,1,0,0,0,0,0,0,0,0,0,Chile's President Michelle Bachelet among evacuees as second earthquake hits video #chile
6259,452276965043482624,chileEarthquake2014,chileEarthquake2014,"['FirstPartyObservation', 'MultimediaShare', 'Official', 'Hashtags', 'ContinuingNews']",0,0,1,1,0,1,0,1,0,0,0,0,0,0,0,1,0,0,0,0,0,0,0,0,0,Massive 8.2 earthquake off Chile coast sparks tsunami #chile
6260,456633664768458754,chileEarthquake2014,chileEarthquake2014,"['ThirdPartyObservation', 'MultimediaShare', 'ContinuingNews']",0,1,1,0,0,1,0,0,0,0,0,0,0,0,0,0,0,0,0,0,0,0,0,0,0,Inmates escape after Chile earthquake
6261,456654341324013568,chileEarthquake2014,chileEarthquake2014,"['FirstPartyObservation', 'EmergingThreats', 'MultimediaShare', 'ContinuingNews']",0,0,1,0,0,1,0,1,0,0,0,0,0,0,0,0,0,0,1,0,0,0,0,0,0,"Earthquake earthquake of 8.2 magnitude Strikes Off Chile Coast, Tsunami Warning Issued -"
6262,452272803773808643,chileEarthquake2014,chileEarthquake2014,"['ThirdPartyObservation', 'MultimediaShare', 'ContinuingNews']",0,1,1,0,0,1,0,0,0,0,0,0,0,0,0,0,0,0,0,0,0,0,0,0,0,"mb 4.3 OFF COAST OF TARAPACA, CHILE: Magnitude mb 4.3Region OFF COAST OF TARAPACA, CHILEDate time 2014-04-..."
6263,452635382904266752,chileEarthquake2014,chileEarthquake2014,"['ThirdPartyObservation', 'MultimediaShare', 'ContinuingNews']",0,1,1,0,0,1,0,0,0,0,0,0,0,0,0,0,0,0,0,0,0,0,0,0,0,Woman walks with children amid debris after earthquake and tsunami hit northern Chile
6264,452704646415777793,chileEarthquake2014,chileEarthquake2014,"['ThirdPartyObservation', 'MultimediaShare', 'ContinuingNews']",0,1,1,0,0,1,0,0,0,0,0,0,0,0,0,0,0,0,0,0,0,0,0,0,0,"New MASSIVE 6.5, 7.8, 6.3, 6.2 QUAKES strike CHILE after Monster 8.3 - TSUNAMI Alert 4.2-3.14"
6265,452261802987253760,chileEarthquake2014,chileEarthquake2014,"['ThirdPartyObservation', 'MultimediaShare', 'ContinuingNews']",0,1,1,0,0,1,0,0,0,0,0,0,0,0,0,0,0,0,0,0,0,0,0,0,0,Terrifying Animation Shows How Chile's Tsunami Took Over the Entire Pacific ... - Wired
6266,456611206602575872,chileEarthquake2014,chileEarthquake2014,"['FirstPartyObservation', 'MultimediaShare', 'Official', 'Hashtags', 'ContinuingNews']",0,0,1,1,0,1,0,1,0,0,0,0,0,0,0,1,0,0,0,0,0,0,0,0,0,8.0 Earthquake Chile prompts Tsunami Evacuations and Chaos #chile
6267,452617503991013376,chileEarthquake2014,chileEarthquake2014,"['Hashtags', 'Sentiment']",0,0,0,1,1,0,0,0,0,0,0,0,0,0,0,0,0,0,0,0,0,0,0,0,0,Friends Please continue to pray for a wonderful country #CHILE
6268,456136015913033728,chileEarthquake2014,chileEarthquake2014,"['FirstPartyObservation', 'MultimediaShare', 'Hashtags', 'ContinuingNews']",0,0,1,1,0,1,0,1,0,0,0,0,0,0,0,0,0,0,0,0,0,0,0,0,0,"#Earthquake #Sismo M 4.3, Near Coast of Northern Chile: 2014-04-15 16:54:21 -20.23 -70.82 31 km M"
6269,456639039001460736,chileEarthquake2014,chileEarthquake2014,"['ThirdPartyObservation', 'MultimediaShare', 'Official', 'ContinuingNews']",0,1,1,0,0,1,0,0,0,0,0,0,0,0,0,1,0,0,0,0,0,0,0,0,0,Inmates escape after Chile earthquake: CNN's Rafael Romo reports on the aftermath of an 8.2-magnitude earthqua...
6270,456678826026627072,chileEarthquake2014,chileEarthquake2014,"['ThirdPartyObservation', 'Hashtags', 'ContinuingNews']",0,1,1,1,0,0,0,0,0,0,0,0,0,0,0,0,0,0,0,0,0,0,0,0,0,Earthquake aftermath in Chile #photography #arts
6271,452274873151541248,chileEarthquake2014,chileEarthquake2014,"['ThirdPartyObservation', 'MultimediaShare', 'ContinuingNews']",0,1,1,0,0,1,0,0,0,0,0,0,0,0,0,0,0,0,0,0,0,0,0,0,0,Earthquake off the coast of Chile - Photos - The Big Picture
6272,452277201896235008,chileEarthquake2014,chileEarthquake2014,"['InformationWanted', 'FirstPartyObservation', 'Official', 'Hashtags', 'ContinuingNews']",0,0,1,1,0,0,0,1,0,0,0,0,0,0,0,1,0,1,0,0,0,0,0,0,0,Felt #earthquake M5.4 strikes 109 km NW of #Santiago (#Chile) 28 min ago. Please report to:
6273,452272028746121216,chileEarthquake2014,chileEarthquake2014,"['ThirdPartyObservation', 'MultimediaShare', 'ContinuingNews']",0,1,1,0,0,1,0,0,0,0,0,0,0,0,0,0,0,0,0,0,0,0,0,0,0,"Chile earthquake: How loss of life, damage was minimized"
6274,452278592114655234,chileEarthquake2014,chileEarthquake2014,"['FirstPartyObservation', 'MultimediaShare', 'Official', 'ContinuingNews']",0,0,1,0,0,1,0,1,0,0,0,0,0,0,0,1,0,0,0,0,0,0,0,0,0,"Powerful Earthquake Hits Off Chile, Triggers Tsunami - Disaster Declared After... #chile"
6275,452668167047745536,chileEarthquake2014,chileEarthquake2014,['Sentiment'],0,0,0,0,1,0,0,0,0,0,0,0,0,0,0,0,0,0,0,0,0,0,0,0,0,Prayers to those in chile who were effected from the earthquake
6276,456369685957582848,chileEarthquake2014,chileEarthquake2014,"['FirstPartyObservation', 'MultimediaShare', 'Hashtags', 'ContinuingNews']",0,0,1,1,0,1,0,1,0,0,0,0,0,0,0,0,0,0,0,0,0,0,0,0,0,"Powerful earthquake strikes off Chile, triggers tsunami BREAKING NEWS 2 APRIL 2014 #chile"
