,tweetids,topics,alltopics,categories,ThirdPartyObservation,Factoid,ContinuingNews,EmergingThreats,Advice,PastNews,Irrelevant,Sentiment,Discussion,SearchAndRescue,FirstPartyObservation,Donations,MultimediaShare,Volunteer,GoodsServices,MovePeople,Official,ServiceAvailable,CleanUp,InformationWanted,SignificantEventChange,KnownAlready,Weather,Hashtags,Unknown,cleanedtweets
1872,368659239272579073,manilaFloods2013,manilaFloods2013,"['Weather', 'EmergingThreats', 'SignificantEventChange', 'Factoid']",0,1,0,1,0,0,0,0,0,0,0,0,0,0,0,0,0,0,0,0,1,0,1,0,0,: WEATHER BULLETIN No. 2 Tropical Cyclone Alert: Tropical Depression “#MaringPH” Issued at 11:00AM 17 August...
1873,368967734542864384,manilaFloods2013,manilaFloods2013,"['MultimediaShare', 'ContinuingNews']",0,0,1,0,0,0,0,0,0,0,0,0,1,0,0,0,0,0,0,0,0,0,0,0,0,": PAGASA 12:20pm: YELLOW advisory for Metro Manila. Moderate-heavy rains in next 3 hours, possible floods in low-lying areas"
1874,369087058293186561,manilaFloods2013,manilaFloods2013,"['Weather', 'ContinuingNews']",0,0,1,0,0,0,0,0,0,0,0,0,0,0,0,0,0,0,0,0,0,0,1,0,0,": PAGASA raises red rainfall warning, the highest rainfall alert, over Metro Manila. Expect torrential rains, flood in low-lyi…"
1875,369089159635283968,manilaFloods2013,manilaFloods2013,"['Weather', 'EmergingThreats']",0,0,0,1,0,0,0,0,0,0,0,0,0,0,0,0,0,0,0,0,0,0,1,0,0,: PAGASA: Red Rainfall Warning No. 6 Weather System: Southwest Monsoon (#Habagat) enhanced by Tropical Storm...
1876,369091105783955458,manilaFloods2013,manilaFloods2013,['ContinuingNews'],0,0,1,0,0,0,0,0,0,0,0,0,0,0,0,0,0,0,0,0,0,0,0,0,0,: Corrected: CITY OF MANILA has been declared #walangpasok tom. Not the entire METRO MANILA. #maringupdates
1877,369092347323105281,manilaFloods2013,manilaFloods2013,['Irrelevant'],0,0,0,0,0,0,1,0,0,0,0,0,0,0,0,0,0,0,0,0,0,0,0,0,0,""": NO CLASSES TOMORROW. SURE NA SURE NA DAW. Ingat ang lahat. God bless :) #Maring""- Swerte!! :)"
1878,369093215552430081,manilaFloods2013,manilaFloods2013,['ContinuingNews'],0,0,1,0,0,0,0,0,0,0,0,0,0,0,0,0,0,0,0,0,0,0,0,0,0,: Red Rainfall Warning No. 6 Weather System: Southwest Monsoon (#Habagat) enhanced by Tropical Storm “MARING”...
1879,369099410526855170,manilaFloods2013,manilaFloods2013,['Advice'],0,0,0,0,1,0,0,0,0,0,0,0,0,0,0,0,0,0,0,0,0,0,0,0,0,": I'd like to advice everyone to please use the unified hashtag ""#RescuePH"" for rescue queries. Help save our fellow men."
1880,369115017536217090,manilaFloods2013,manilaFloods2013,"['Weather', 'Official']",0,0,0,0,0,0,0,0,0,0,0,0,0,0,0,0,1,0,0,0,0,0,1,0,0,: 11:00 pm Moderate to heavy rains due to SW Monsoon (#Habagat) is affecting of Quezon and most likely to continue for the n…
1881,369116846261166080,manilaFloods2013,manilaFloods2013,"['EmergingThreats', 'ContinuingNews']",0,0,1,1,0,0,0,0,0,0,0,0,0,0,0,0,0,0,0,0,0,0,0,0,0,MMDA: Floods reach waist-deep levels in parts of Quezon City #ManilaNews #Manila #metronews
1882,369118968566394880,manilaFloods2013,manilaFloods2013,"['Weather', 'EmergingThreats', 'Official']",0,0,0,1,0,0,0,0,0,0,0,0,0,0,0,0,1,0,0,0,0,0,1,0,0,: WEATHER BULLETIN No. 5 Tropical Cyclone Alert: Tropical Storm “#MaringPH” - 11:15PM 18 August 2013 vi…
1883,369121183150505985,manilaFloods2013,manilaFloods2013,"['ThirdPartyObservation', 'EmergingThreats', 'Factoid']",1,1,0,1,0,0,0,0,0,0,0,0,0,0,0,0,0,0,0,0,0,0,0,0,0,Live : Commuters are now stranded near a mall beside Manila City Hall due to rising floods #RescuePH
1884,369123364213776384,manilaFloods2013,manilaFloods2013,"['Weather', 'ContinuingNews']",0,0,1,0,0,0,0,0,0,0,0,0,0,0,0,0,0,0,0,0,0,0,1,0,0,": Tropical Storm Maring will continue to enhance the southwest monsoon, which will bring moderate-heavy rains in Luzon #Maring…"
1885,369125457158881280,manilaFloods2013,manilaFloods2013,"['ThirdPartyObservation', 'Weather', 'ContinuingNews']",1,0,1,0,0,0,0,0,0,0,0,0,0,0,0,0,0,0,0,0,0,0,1,0,0,: TS #MaringPH Strength: Maximum winds of 75 kph near the center and gustiness of 90 kph; Movement: Forecast to move Southeast a…
1886,369142238564974592,manilaFloods2013,manilaFloods2013,['Irrelevant'],0,0,0,0,0,0,1,0,0,0,0,0,0,0,0,0,0,0,0,0,0,0,0,0,0,"Well, it's not that bad for us here, but I heard in the news that there are already waist-deep floods in some places in Manila."
1887,369153357673287680,manilaFloods2013,manilaFloods2013,"['FirstPartyObservation', 'Factoid']",0,1,0,0,0,0,0,0,0,0,1,0,0,0,0,0,0,0,0,0,0,0,0,0,0,I am wide awake monitoring the flood waters. Our street is submerged and the water's up at our gates. Why can't the rain stop? #MaringPH
1888,369171409945112577,manilaFloods2013,manilaFloods2013,['Irrelevant'],0,0,0,0,0,0,1,0,0,0,0,0,0,0,0,0,0,0,0,0,0,0,0,0,0,"with all the pork barrel given, why are we having all this flood all over Metro Manila right now? Exempted ba kayo sa judgements, politikos"
1889,369182797467889664,manilaFloods2013,manilaFloods2013,['Factoid'],0,1,0,0,0,0,0,0,0,0,0,0,0,0,0,0,0,0,0,0,0,0,0,0,0,A red rainfall advisory is issued when downpours constitute an emergency. This means we should be ready to evacuate to safety. #MaringPH
1890,369190234002432002,manilaFloods2013,manilaFloods2013,['Irrelevant'],0,0,0,0,0,0,1,0,0,0,0,0,0,0,0,0,0,0,0,0,0,0,0,0,0,: This rain must be traumatic for the Ondoy victims. Let's all pray for the best but be ready for the worst. #MaringPH
1891,369195376181399552,manilaFloods2013,manilaFloods2013,['Irrelevant'],0,0,0,0,0,0,1,0,0,0,0,0,0,0,0,0,0,0,0,0,0,0,0,0,0,"its 4:32 in the morning still raining :((((( BAHA NA SA MANILA :""( #RainRainGoAway"
1892,369218700726902784,manilaFloods2013,manilaFloods2013,['Irrelevant'],0,0,0,0,0,0,1,0,0,0,0,0,0,0,0,0,0,0,0,0,0,0,0,0,0,": LIPA CITY: Classes in all levels suspended today, Aug 19. #MaringPH #walangpasok"
1893,369222748234465280,manilaFloods2013,manilaFloods2013,['Irrelevant'],0,0,0,0,0,0,1,0,0,0,0,0,0,0,0,0,0,0,0,0,0,0,0,0,0,BE SAFE AND PRAY GUYS! #MaringPH
1894,369225315152703489,manilaFloods2013,manilaFloods2013,['Irrelevant'],0,0,0,0,0,0,1,0,0,0,0,0,0,0,0,0,0,0,0,0,0,0,0,0,0,: PRIVATE SECTOR work suspension is at the discretion of companies. Call your HR for info. | #maringupdates
1895,369227894649663488,manilaFloods2013,manilaFloods2013,"['FirstPartyObservation', 'MultimediaShare']",0,0,0,0,0,0,0,0,0,0,1,0,1,0,0,0,0,0,0,0,0,0,0,0,0,: Tweet us #MaringPH photos using #FloodPH and follow updates on this LIVE BLOG:
1896,369236564284420096,manilaFloods2013,manilaFloods2013,['Irrelevant'],0,0,0,0,0,0,1,0,0,0,0,0,0,0,0,0,0,0,0,0,0,0,0,0,0,Di ako papasok today. I cannot risk my safety. Damn you #MaringPH
1897,369239093411975168,manilaFloods2013,manilaFloods2013,"['Factoid', 'Official']",0,1,0,0,0,0,0,0,0,0,0,0,0,0,0,0,1,0,0,0,0,0,0,0,0,": Twitter accounts for updates, relief, rescue #marin… #maringPH #reliefPH #rescuePH"
1898,369258760516009984,manilaFloods2013,manilaFloods2013,['Irrelevant'],0,0,0,0,0,0,1,0,0,0,0,0,0,0,0,0,0,0,0,0,0,0,0,0,0,"To those using #rescueph pls include name, COMPLETE address &amp; contact info. Try not to use hashtag for other things except rescue requests"
1899,369259460956405761,manilaFloods2013,manilaFloods2013,['ThirdPartyObservation'],1,0,0,0,0,0,0,0,0,0,0,0,0,0,0,0,0,0,0,0,0,0,0,0,0,": For rescue/assistance concerns, pls use #rescueph unified hashtag so relevant orgs/agencies can properly monitor and attend..."
1900,369260241105326082,manilaFloods2013,manilaFloods2013,['Irrelevant'],0,0,0,0,0,0,1,0,0,0,0,0,0,0,0,0,0,0,0,0,0,0,0,0,0,"In times like this, people should know how to follow protocol for rescue purposes. #MaringPH"
1901,369261168033927169,manilaFloods2013,manilaFloods2013,['ThirdPartyObservation'],1,0,0,0,0,0,0,0,0,0,0,0,0,0,0,0,0,0,0,0,0,0,0,0,0,": To those using #rescueph pls include name, COMPLETE address &amp; contact info. Try not to use hashtag for other things except rescue…"
1902,369265161011355649,manilaFloods2013,manilaFloods2013,['Irrelevant'],0,0,0,0,0,0,1,0,0,0,0,0,0,0,0,0,0,0,0,0,0,0,0,0,0,Keep safe everyone! #maringPH Pray to God that the rain would stop.
1903,369269485368139776,manilaFloods2013,manilaFloods2013,"['ThirdPartyObservation', 'Factoid']",1,1,0,0,0,0,0,0,0,0,0,0,0,0,0,0,0,0,0,0,0,0,0,0,0,: FYI take note of these numbers: Emergency hotlines via #rescuePH
1904,369272148721799169,manilaFloods2013,manilaFloods2013,"['ThirdPartyObservation', 'Factoid', 'ContinuingNews']",1,1,1,0,0,0,0,0,0,0,0,0,0,0,0,0,0,0,0,0,0,0,0,0,0,"ALERT: Areas affected by Orange Rainfall Warning: Batangas, Zambales &amp; Bataan. Expect rains for the next 3 hrs. #habagat"
1905,369275307041099776,manilaFloods2013,manilaFloods2013,['Irrelevant'],0,0,0,0,0,0,1,0,0,0,0,0,0,0,0,0,0,0,0,0,0,0,0,0,0,"Manila is flooding .. And im here saying, where the hell is the flood waters? Hahaha jk #staysafe"
1906,369280113734459392,manilaFloods2013,manilaFloods2013,"['ThirdPartyObservation', 'KnownAlready']",1,0,0,0,0,0,0,0,0,0,0,0,0,0,0,0,0,0,0,0,0,1,0,0,0,": If you or someone you know needs to be rescued, pls use the hashtag #rescuePH so the gov't. designated rescuers can find yo…"
1907,369281468473679872,manilaFloods2013,manilaFloods2013,['Irrelevant'],0,0,0,0,0,0,1,0,0,0,0,0,0,0,0,0,0,0,0,0,0,0,0,0,0,": #KeepSafe people of Luzon, and Let us #Pray and help typhoon #MaringPH affected areas thru #ReliefPH operations. …"
1908,369285583102681088,manilaFloods2013,manilaFloods2013,['Advice'],0,0,0,0,1,0,0,0,0,0,0,0,0,0,0,0,0,0,0,0,0,0,0,0,0,: We would like to encourage everyone to submit their #rescuePH requests to so we can easily collate inf…
1909,369288112276373504,manilaFloods2013,manilaFloods2013,['Irrelevant'],0,0,0,0,0,0,1,0,0,0,0,0,0,0,0,0,0,0,0,0,0,0,0,0,0,Rainy Morning na naman :( let us #Pray for the #FloodVictims and for #floodPH :))
1910,369289341211639808,manilaFloods2013,manilaFloods2013,"['FirstPartyObservation', 'Factoid', 'Official']",0,1,0,0,0,0,0,0,0,0,1,0,0,0,0,0,1,0,0,0,0,0,0,0,0,": FLOOD UPDATES: as of 10:45 AM, (MANILA) Recto Morayta - gutter deep. Rizal Recto - 1/2 tire deep. Taft Kalaw (cont)"
1911,369291111186980864,manilaFloods2013,manilaFloods2013,"['FirstPartyObservation', 'EmergingThreats', 'Official']",0,0,0,1,0,0,0,0,0,0,1,0,0,0,0,0,1,0,0,0,0,0,0,0,0,": #rescuePH Dela Paz, Biñan(?) Laguna. Newly kidney operated Tita currently on rooftop with other family due to flood. Please …"
1912,369291291558813696,manilaFloods2013,manilaFloods2013,"['ThirdPartyObservation', 'EmergingThreats']",1,0,0,1,0,0,0,0,0,0,0,0,0,0,0,0,0,0,0,0,0,0,0,0,0,Keep safe to those who are in the area of Northern Luzon which is being flooded right now. #MaringPH
1913,369293250298785792,manilaFloods2013,manilaFloods2013,['Irrelevant'],0,0,0,0,0,0,1,0,0,0,0,0,0,0,0,0,0,0,0,0,0,0,0,0,0,stay safe twittamz.. #FloodPH
1914,369294407905714176,manilaFloods2013,manilaFloods2013,"['Weather', 'ContinuingNews', 'Sentiment']",0,0,1,0,0,0,0,1,0,0,0,0,0,0,0,0,0,0,0,0,0,0,1,0,0,": JUST IN: #MaringPH maintains strength but is almost stationary, says . More in this bulletin:"
1915,369296572174958592,manilaFloods2013,manilaFloods2013,['Irrelevant'],0,0,0,0,0,0,1,0,0,0,0,0,0,0,0,0,0,0,0,0,0,0,0,0,0,Let's just stay home and be safe. :) #MaringPH
1916,369296647655653376,manilaFloods2013,manilaFloods2013,['Irrelevant'],0,0,0,0,0,0,1,0,0,0,0,0,0,0,0,0,0,0,0,0,0,0,0,0,0,": #FloodPH BDO advisory: All branches in NCR, affected areas closed today , via"
1917,369299537526927362,manilaFloods2013,manilaFloods2013,"['FirstPartyObservation', 'MultimediaShare', 'ContinuingNews']",0,0,1,0,0,0,0,0,0,0,1,0,1,0,0,0,0,0,0,0,0,0,0,0,0,Flood waters in Manila turn a street into an unintended swimming hole for kids #weatheralert
1918,369304264520126464,manilaFloods2013,manilaFloods2013,"['FirstPartyObservation', 'MultimediaShare', 'Official']",0,0,0,0,0,0,0,0,0,0,1,0,1,0,0,0,1,0,0,0,0,0,0,0,0,": FLOOD UPDATES: as of 11:18 AM, (MANILA) Recto Morayta - gutter deep. Rizal Recto - 1/2 tire deep. Taft Kalaw (cont)"
1919,369310874743218177,manilaFloods2013,manilaFloods2013,['Advice'],0,0,0,0,1,0,0,0,0,0,0,0,0,0,0,0,0,0,0,0,0,0,0,0,0,: Please make use of the hashtag #StaySafeDLSU for Lasallians and #RescuePH for our countrymen who need rescuing. Please d…
1920,369313986916798466,manilaFloods2013,manilaFloods2013,"['Weather', 'ContinuingNews']",0,0,1,0,0,0,0,0,0,0,0,0,0,0,0,0,0,0,0,0,0,0,1,0,0,: BREAKING: Maring changes direction; likely to stay in Phl area till Thurs. #MaringPH via PhlStar
1921,369314796442615808,manilaFloods2013,manilaFloods2013,"['ThirdPartyObservation', 'MultimediaShare', 'ContinuingNews']",1,0,1,0,0,0,0,0,0,0,0,0,1,0,0,0,0,0,0,0,0,0,0,0,0,": PHOTO: Flooding in Cainta town, Rizal province, east of Manila #FloodPH"
1922,369328302093107200,manilaFloods2013,manilaFloods2013,['Irrelevant'],0,0,0,0,0,0,1,0,0,0,0,0,0,0,0,0,0,0,0,0,0,0,0,0,0,"Help victims of Maring. Pls donate to the Red Cross. GLOBE subs, please text RED &lt;5,25,50,100 or 300&gt; to 2899 #rescuePH"
1923,369328885080403969,manilaFloods2013,manilaFloods2013,['Irrelevant'],0,0,0,0,0,0,1,0,0,0,0,0,0,0,0,0,0,0,0,0,0,0,0,0,0,": Help victims of Maring. Pls donate to the Red Cross. GLOBE subs, please text RED &lt;5,25,50,100 or 300&gt; to 2899 #rescuePH"
1924,369329220628934656,manilaFloods2013,manilaFloods2013,['Factoid'],0,1,0,0,0,0,0,0,0,0,0,0,0,0,0,0,0,0,0,0,0,0,0,0,0,List of emergency hotlines: #MaringPH
1925,369332613808283648,manilaFloods2013,manilaFloods2013,['Irrelevant'],0,0,0,0,0,0,1,0,0,0,0,0,0,0,0,0,0,0,0,0,0,0,0,0,0,": Stay safe, family and friends back home! #praying #FloodPH"
1926,369332894826651648,manilaFloods2013,manilaFloods2013,"['ServiceAvailable', 'Official']",0,0,0,0,0,0,0,0,0,0,0,0,0,0,0,0,1,1,0,0,0,0,0,0,0,Emergency Hotlines #MaringPH #RescuePH
1927,369333976982245377,manilaFloods2013,manilaFloods2013,"['Weather', 'Official', 'ContinuingNews']",0,0,1,0,0,0,0,0,0,0,0,0,0,0,0,0,1,0,0,0,0,0,1,0,0,": FLOOD UPDATES: as of 1:32 PM, (MANILA) Recto Morayta - gutter deep. Rizal Recto - 1/2 tire deep. Taft Kalaw (cont)"
1928,369341975515766785,manilaFloods2013,manilaFloods2013,"['FirstPartyObservation', 'EmergingThreats', 'Official']",0,0,0,1,0,0,0,0,0,0,1,0,0,0,0,0,1,0,0,0,0,0,0,0,0,": FLOOD UPDATES:as of 1:55 PM, (MANILA) Recto Morayta-gutter deep. Rizal Recto -1/2 tire deep. Taft Kalaw (cont)"
1929,369347008668004354,manilaFloods2013,manilaFloods2013,"['FirstPartyObservation', 'EmergingThreats', 'Official']",0,0,0,1,0,0,0,0,0,0,1,0,0,0,0,0,1,0,0,0,0,0,0,0,0,": FLOOD UPDATES: as of 2:27 PM, (MANILA) Recto Morayta - (SUBSIDED). Rizal Recto - 1/2 tire deep. Taft Kalaw (cont)"
1930,369350146007375872,manilaFloods2013,manilaFloods2013,"['FirstPartyObservation', 'EmergingThreats', 'Official']",0,0,0,1,0,0,0,0,0,0,1,0,0,0,0,0,1,0,0,0,0,0,0,0,0,": FLOOD UPDATES: as of 1:55 PM, (MANILA) Recto Morayta - gutter deep. Rizal Recto - 1/2 tire deep. Taft Kalaw (cont)"
1931,369350150210088960,manilaFloods2013,manilaFloods2013,"['SearchAndRescue', 'FirstPartyObservation', 'SignificantEventChange']",0,0,0,0,0,0,0,0,0,1,1,0,0,0,0,0,0,0,0,0,1,0,0,0,0,sir until now no rescue at the place i tweeted earlier at mercedes homes3 biñan laguna. Thank you! #RescuePH
1932,369353690219438081,manilaFloods2013,manilaFloods2013,['Irrelevant'],0,0,0,0,0,0,1,0,0,0,0,0,0,0,0,0,0,0,0,0,0,0,0,0,0,British nationals who have been affected by #MaringPH heavy rain or floods &amp; require assistance may call (02) 8582200. Take care!
1933,369356949197828097,manilaFloods2013,manilaFloods2013,"['Factoid', 'Official']",0,1,0,0,0,0,0,0,0,0,0,0,0,0,0,0,1,0,0,0,0,0,0,0,0,": FLOOD UPDATES: as of 3:13 PM, (MANILA) All reported foodings in MANILA are already subsided. (SOUTHERN) (cont)"
1934,369357095994261504,manilaFloods2013,manilaFloods2013,['Donations'],0,0,0,0,0,0,0,0,0,0,0,1,0,0,0,0,0,0,0,0,0,0,0,0,0,": Help victims of Maring. Pls donate to the Red Cross. For SMART, please text RED &lt;10,25,50, or 100&gt; to 4143 GO #rescuePH"
1935,369359386088468480,manilaFloods2013,manilaFloods2013,['Irrelevant'],0,0,0,0,0,0,1,0,0,0,0,0,0,0,0,0,0,0,0,0,0,0,0,0,0,"Year-old photos of Manila floods go viral, confuse netizens - GMA News Online has verified that a slideshow of flo..."
1936,369364721222176768,manilaFloods2013,manilaFloods2013,"['Weather', 'ContinuingNews']",0,0,1,0,0,0,0,0,0,0,0,0,0,0,0,0,0,0,0,0,0,0,1,0,0,"Heavy rain brings floods to Philippines; markets, offices shut: MANILA (Reuters) - Heavy rain in the Philippin..."
1937,369376146494091264,manilaFloods2013,manilaFloods2013,['Donations'],0,0,0,0,0,0,0,0,0,0,0,1,0,0,0,0,0,0,0,0,0,0,0,0,0,": Help victims of #Maring. Please donate to the Red Cross. GLOBE subscribers, please text RED &lt;5, 25, 50, 100 or 300&gt; to 28…"
1938,369376184238231552,manilaFloods2013,manilaFloods2013,['ThirdPartyObservation'],1,0,0,0,0,0,0,0,0,0,0,0,0,0,0,0,0,0,0,0,0,0,0,0,0,Just saw pictures of Manila under siege by water. Asked my mom if it's baha in our area and she said not at all. #binayforpresident
1939,369376221995347968,manilaFloods2013,manilaFloods2013,['Irrelevant'],0,0,0,0,0,0,1,0,0,0,0,0,0,0,0,0,0,0,0,0,0,0,0,0,0,: Let us all pray for every Filipino affected by #Maring and other calamities.
1940,369377702601445376,manilaFloods2013,manilaFloods2013,"['ThirdPartyObservation', 'Factoid']",1,1,0,0,0,0,0,0,0,0,0,0,0,0,0,0,0,0,0,0,0,0,0,0,0,"FLOOD UPDATES: as of 4:33 PM, (MANILA) All reported floods in MANILA have already subsided. (SOUTHERN)..."
1941,369378226889428992,manilaFloods2013,manilaFloods2013,['Donations'],0,0,0,0,0,0,0,0,0,0,0,1,0,0,0,0,0,0,0,0,0,0,0,0,0,": Help victims of Maring. Pls donate to the Red Cross. For SMART, please text RED &lt;10,25,50, or 100&gt; to 4143 GO #rescuePH"
1942,369380470842093569,manilaFloods2013,manilaFloods2013,['Irrelevant'],0,0,0,0,0,0,1,0,0,0,0,0,0,0,0,0,0,0,0,0,0,0,0,0,0,Now watching the live press briefing of NDRRMC on GMA News TV #NewsTVLive #MaringPH #UlanPH #BahaPH
1943,369386699375120384,manilaFloods2013,manilaFloods2013,['Factoid'],0,1,0,0,0,0,0,0,0,0,0,0,0,0,0,0,0,0,0,0,0,0,0,0,0,""": FLOOD UPDATES: as of 5:02 PM, (MANILA) All reported floods in MANILA have already subsided. (SOUTHERN)... """
1944,369403069752025088,manilaFloods2013,manilaFloods2013,"['MultimediaShare', 'ContinuingNews']",0,0,1,0,0,0,0,0,0,0,0,0,1,0,0,0,0,0,0,0,0,0,0,0,0,": Rainfall amount in the Philippines as of Aug 19, 2013 06:02 PM. via #MaringPH #FloodPH"
1945,369404172849795072,manilaFloods2013,manilaFloods2013,['Irrelevant'],0,0,0,0,0,0,1,0,0,0,0,0,0,0,0,0,0,0,0,0,0,0,0,0,0,": "": Take time to RETWEET this #PrayForThePhilippines #MaringPH """
1946,369406123188555776,manilaFloods2013,manilaFloods2013,['Irrelevant'],0,0,0,0,0,0,1,0,0,0,0,0,0,0,0,0,0,0,0,0,0,0,0,0,0,: Take time to RETWEET this #PrayForThePhilippines #MaringPH
1947,369410447507603457,manilaFloods2013,manilaFloods2013,['Irrelevant'],0,0,0,0,0,0,1,0,0,0,0,0,0,0,0,0,0,0,0,0,0,0,0,0,0,": UPDATED list of class suspensions for tomorrow, August 20 #MaringUpdates"
1948,369417145836244992,manilaFloods2013,manilaFloods2013,"['ThirdPartyObservation', 'EmergingThreats']",1,0,0,1,0,0,0,0,0,0,0,0,0,0,0,0,0,0,0,0,0,0,0,0,0,: RT Rep. : Tirona Hiway near SM Bacoor Passable only for buses.Not safe for light vehicles.#MaringPH
1949,369422355161825281,manilaFloods2013,manilaFloods2013,['Donations'],0,0,0,0,0,0,0,0,0,0,0,1,0,0,0,0,0,0,0,0,0,0,0,0,0,: Blasted rain. Let's help those affected! &gt; RT : For #maringPH Text donations RED&lt;space&gt;AMOUNT to 2899 (Globe) …
1950,369426541068828672,manilaFloods2013,manilaFloods2013,['Irrelevant'],0,0,0,0,0,0,1,0,0,0,0,0,0,0,0,0,0,0,0,0,0,0,0,0,0,": Let's all pray for those affected by #MaringPH to be safe and out of harms way. Stay safe, Lasallians!"
1951,369428759847239681,manilaFloods2013,manilaFloods2013,['Irrelevant'],0,0,0,0,0,0,1,0,0,0,0,0,0,0,0,0,0,0,0,0,0,0,0,0,0,PRAYERS UP!!! To all those who are affected by the floods in Manila specially in Cavite may God keep you safe. :)
1952,369430521467531264,manilaFloods2013,manilaFloods2013,['Irrelevant'],0,0,0,0,0,0,1,0,0,0,0,0,0,0,0,0,0,0,0,0,0,0,0,0,0,condolence to the family of my friend's friend. she died because of the damn flood in manila. rest in peace love. :(
1953,369431561663303682,manilaFloods2013,manilaFloods2013,"['ThirdPartyObservation', 'ContinuingNews']",1,0,1,0,0,0,0,0,0,0,0,0,0,0,0,0,0,0,0,0,0,0,0,0,0,": SKYWAY UPDATE: #FloodPH at Buendia off-ramp. Buendia exit will be closed, via"
1954,369442903052931072,manilaFloods2013,manilaFloods2013,['InformationWanted'],0,0,0,0,0,0,0,0,0,0,0,0,0,0,0,0,0,0,0,1,0,0,0,0,0,": If you or someone you know requires aid &amp; relief services, tweet details using the #reliefPH hashtag. is monitoring."
1955,369444702392553472,manilaFloods2013,manilaFloods2013,"['Weather', 'MultimediaShare', 'ContinuingNews']",0,0,1,0,0,0,0,0,0,0,0,0,1,0,0,0,0,0,0,0,0,0,1,0,0,": Rainfall amount in the Philippines as of Aug 19, 2013 09:02 PM. via #FloodPH"
1956,369452478640570368,manilaFloods2013,manilaFloods2013,['Irrelevant'],0,0,0,0,0,0,1,0,0,0,0,0,0,0,0,0,0,0,0,0,0,0,0,0,0,will welcome the day when this website can be taken down. #reliefPH #maringPH
1957,369452562530836480,manilaFloods2013,manilaFloods2013,['Irrelevant'],0,0,0,0,0,0,1,0,0,0,0,0,0,0,0,0,0,0,0,0,0,0,0,0,0,"Strong storm hit our capital city, Manila. :/ A lot if strong floods there."
1958,369458384228974592,manilaFloods2013,manilaFloods2013,['InformationWanted'],0,0,0,0,0,0,0,0,0,0,0,0,0,0,0,0,0,0,0,1,0,0,0,0,0,"If you or someone you know is in need of rescue, please tweet name, exact location and contact info with hashtag #RescuePH"
1959,369468115010088962,manilaFloods2013,manilaFloods2013,['Irrelevant'],0,0,0,0,0,0,1,0,0,0,0,0,0,0,0,0,0,0,0,0,0,0,0,0,0,: 5 ways your phone can save your life during a typhoon #RescuePH #WalangPasok
1960,369469897606066178,manilaFloods2013,manilaFloods2013,['Donations'],0,0,0,0,0,0,0,0,0,0,0,1,0,0,0,0,0,0,0,0,0,0,0,0,0,: Angels we are all SMART users let's donate just text RED &lt;amount&gt; send to 4143 GO! #RescuePH …
1961,369472988795502592,manilaFloods2013,manilaFloods2013,['Irrelevant'],0,0,0,0,0,0,1,0,0,0,0,0,0,0,0,0,0,0,0,0,0,0,0,0,0,#MaringPH + #HabagatPH = Rain and Flood #Adamsonian + #Benildean + #Rizalian + #Prayers = No More Maring and Habagat
1962,369474771387297792,manilaFloods2013,manilaFloods2013,['Weather'],0,0,0,0,0,0,0,0,0,0,0,0,0,0,0,0,0,0,0,0,0,0,1,0,0,: PAGASA 11pm bulletin: Tropical Storm Maring has intensified as it remains almost stationary #MaringPH
1963,369478542041821184,manilaFloods2013,manilaFloods2013,"['Weather', 'MultimediaShare']",0,0,0,0,0,0,0,0,0,0,0,0,1,0,0,0,0,0,0,0,0,0,1,0,0,": [PHOTO] At 11pm today, tropical Storm #MaringPH has intensified as it remained almost stationary. | via ht…"
1964,369479024398974978,manilaFloods2013,manilaFloods2013,['Irrelevant'],0,0,0,0,0,0,1,0,0,0,0,0,0,0,0,0,0,0,0,0,0,0,0,0,0,"The news is LITERALLY flooded with rain, rain, and rain that brought by #MaringPH"
1965,369481389973860352,manilaFloods2013,manilaFloods2013,"['Weather', 'MultimediaShare', 'ContinuingNews']",0,0,1,0,0,0,0,0,0,0,0,0,1,0,0,0,0,0,0,0,0,0,1,0,0,: ALERT: Tropical Storm #MARING” has intensified as it remained almost stationary.| via #MaringPH
1966,369494400713236480,manilaFloods2013,manilaFloods2013,"['FirstPartyObservation', 'Weather', 'EmergingThreats']",0,0,0,1,0,0,0,0,0,0,1,0,0,0,0,0,0,0,0,0,0,0,1,0,0,Hasn't stopped raining though! Flood all over manila #badweather #bagyongmaring
1967,369496145552097280,manilaFloods2013,manilaFloods2013,['Irrelevant'],0,0,0,0,0,0,1,0,0,0,0,0,0,0,0,0,0,0,0,0,0,0,0,0,0,: Le'ts help! Please RETWEET | #ReliefPH: Help tropical storm 'Maring' victims via
1968,369498779575005184,manilaFloods2013,manilaFloods2013,"['Weather', 'EmergingThreats', 'Official']",0,0,0,1,0,0,0,0,0,0,0,0,0,0,0,0,1,0,0,0,0,0,1,0,0,: WEATHER BULLETIN No. 7 Tropical Cyclone Alert: Tropical Storm “#MaringPH” Issued at 11:00PM 19 August 2013...
1969,369558472909520896,manilaFloods2013,manilaFloods2013,"['ThirdPartyObservation', 'EmergingThreats']",1,0,0,1,0,0,0,0,0,0,0,0,0,0,0,0,0,0,0,0,0,0,0,0,0,PUBLIC REPORTS| City of Manila Flood &amp; Traffic Situation
1970,369574344130699264,manilaFloods2013,manilaFloods2013,['Irrelevant'],0,0,0,0,0,0,1,0,0,0,0,0,0,0,0,0,0,0,0,0,0,0,0,0,0,is Roxas Blvd passable? Thanks! #roxasblvd #maringph #FloodPH
1971,369580585263828993,manilaFloods2013,manilaFloods2013,['Irrelevant'],0,0,0,0,0,0,1,0,0,0,0,0,0,0,0,0,0,0,0,0,0,0,0,0,0,PAGASA's color coded warning signals. #weatheralert #floodPH #bedweather #maringPH #PAGASA #walangpasok
1972,369585559720562689,manilaFloods2013,manilaFloods2013,"['ThirdPartyObservation', 'MultimediaShare', 'ContinuingNews']",1,0,1,0,0,0,0,0,0,0,0,0,1,0,0,0,0,0,0,0,0,0,0,0,0,: Heavy rains in NLEX Meycauayan area #Habagat | via follower
1973,369586692174258176,manilaFloods2013,manilaFloods2013,"['FirstPartyObservation', 'EmergingThreats']",0,0,0,1,0,0,0,0,0,0,1,0,0,0,0,0,0,0,0,0,0,0,0,0,0,#habagat here in pasay boundary manila is non-stop heavy pouring since 3:30 am. Taft Ave cor vito cruz knee deep already. #pls stop
1974,369594048996057089,manilaFloods2013,manilaFloods2013,['Irrelevant'],0,0,0,0,0,0,1,0,0,0,0,0,0,0,0,0,0,0,0,0,0,0,0,0,0,Charging all my gadgets just to be sure. Hope the power supply doesnt get cut #MaringPH
1975,369596032889278464,manilaFloods2013,manilaFloods2013,['FirstPartyObservation'],0,0,0,0,0,0,0,0,0,0,1,0,0,0,0,0,0,0,0,0,0,0,0,0,0,Baha Baha Baha again in Manila. never ending rains hounds us in 3 days strait now. Flood waters r inside our house
1976,369602596996382721,manilaFloods2013,manilaFloods2013,['Irrelevant'],0,0,0,0,0,0,1,0,0,0,0,0,0,0,0,0,0,0,0,0,0,0,0,0,0,"You've been quoted in my #Storify story ""#maringPH: Metro Manila flooded as heavy rains continue"""
1977,369603863642263553,manilaFloods2013,manilaFloods2013,['Irrelevant'],0,0,0,0,0,0,1,0,0,0,0,0,0,0,0,0,0,0,0,0,0,0,0,0,0,"Not another high-tide, please. Guess I won't be staying here in the internet. . . #FloodPH"
1978,369604786422685696,manilaFloods2013,manilaFloods2013,"['InformationWanted', 'Factoid']",0,1,0,0,0,0,0,0,0,0,0,0,0,0,0,0,0,0,0,1,0,0,0,0,0,: British nationals who have been affected by #MaringPH heavy rain or floods &amp; require assistance may call (02) 8582200.…
1979,369607961510821888,manilaFloods2013,manilaFloods2013,"['Weather', 'Official']",0,0,0,0,0,0,0,0,0,0,0,0,0,0,0,0,1,0,0,0,0,0,1,0,0,: Red Rainfall Warning No. 17A Weather System: Southwest Monsoon (#Habagat) enhanced by Tropical Storm...
1980,369608397684879361,manilaFloods2013,manilaFloods2013,['Irrelevant'],0,0,0,0,0,0,1,0,0,0,0,0,0,0,0,0,0,0,0,0,0,0,0,0,0,Let us all pray for the Philippines. #MaringPH
1981,369608439636299777,manilaFloods2013,manilaFloods2013,"['ThirdPartyObservation', 'Weather']",1,0,0,0,0,0,0,0,0,0,0,0,0,0,0,0,0,0,0,0,0,0,1,0,0,Red Rainfall Warning No. 17A Weather System: Southwest Monsoon (#Habagat) enhanced by Tropical Storm “MARING”
1982,369612487148060672,manilaFloods2013,manilaFloods2013,['FirstPartyObservation'],0,0,0,0,0,0,0,0,0,0,1,0,0,0,0,0,0,0,0,0,0,0,0,0,0,"Slex-Merville. Under the skyway, whats suppose to be pavement is all water. #FloodPH"
1983,369613648974872576,manilaFloods2013,manilaFloods2013,['Irrelevant'],0,0,0,0,0,0,1,0,0,0,0,0,0,0,0,0,0,0,0,0,0,0,0,0,0,#typhoon #maring #typhoonmaring #taytay House of Santos
1984,369613946778828800,manilaFloods2013,manilaFloods2013,['Irrelevant'],0,0,0,0,0,0,1,0,0,0,0,0,0,0,0,0,0,0,0,0,0,0,0,0,0,"amidst #maring and the #flood do not forget to THANK GOD everyday, because... Hacienda VEA"
1985,369614403949187072,manilaFloods2013,manilaFloods2013,"['Volunteer', 'Donations']",0,0,0,0,0,0,0,0,0,0,0,1,0,1,0,0,0,0,0,0,0,0,0,0,0,: Don't just sit on your butt. Do something! #ReliefPH #MaringPH #MovePH
1986,369614773052137472,manilaFloods2013,manilaFloods2013,['Irrelevant'],0,0,0,0,0,0,1,0,0,0,0,0,0,0,0,0,0,0,0,0,0,0,0,0,0,: PRAYING FOR SUNSHINE. #MaringPH
1987,369616144585355266,manilaFloods2013,manilaFloods2013,"['ThirdPartyObservation', 'Weather']",1,0,0,0,0,0,0,0,0,0,0,0,0,0,0,0,0,0,0,0,0,0,1,0,0,": Red rainfall warning issued over Metro Manila as of 8AM, August 20. Extra precaution and stay safe everyone. #MaringPH …"
1988,369616811496452096,manilaFloods2013,manilaFloods2013,['Irrelevant'],0,0,0,0,0,0,1,0,0,0,0,0,0,0,0,0,0,0,0,0,0,0,0,0,0,"“: Stay safe and dry. If you can't go to work, don't. #maringph ”"
1989,369617524515561472,manilaFloods2013,manilaFloods2013,"['InformationWanted', 'Factoid']",0,1,0,0,0,0,0,0,0,0,0,0,0,0,0,0,0,0,0,1,0,0,0,0,0,": Remember: #rescuePH for emergencies, #reliefPH for evacuation centers and relief ops, #floodPH flood situation, #safenow once…"
1990,369617730032259072,manilaFloods2013,manilaFloods2013,['Irrelevant'],0,0,0,0,0,0,1,0,0,0,0,0,0,0,0,0,0,0,0,0,0,0,0,0,0,: Reminders: check #walangpasok for class/work suspensions; use #RescuePH for help; #SAFENOW if you've been rescued; #FloodPH for…
1991,369618640179458048,manilaFloods2013,manilaFloods2013,['Irrelevant'],0,0,0,0,0,0,1,0,0,0,0,0,0,0,0,0,0,0,0,0,0,0,0,0,0,Omggg. Flood in Metro Manila. Please don't cancel our flight.
1992,369618782781575170,manilaFloods2013,manilaFloods2013,['Irrelevant'],0,0,0,0,0,0,1,0,0,0,0,0,0,0,0,0,0,0,0,0,0,0,0,0,0,- im a receiver of relief goods; for the first time. #stranded #MaringPH
1993,369619659391115264,manilaFloods2013,manilaFloods2013,"['ThirdPartyObservation', 'Factoid', 'ContinuingNews']",1,1,1,0,0,0,0,0,0,0,0,0,0,0,0,0,0,0,0,0,0,0,0,0,0,: #marikinariver 15.1m water level as of 8:30am. #floodPH | via
1994,369621504922636288,manilaFloods2013,manilaFloods2013,"['ThirdPartyObservation', 'Weather', 'ContinuingNews']",1,0,1,0,0,0,0,0,0,0,0,0,0,0,0,0,0,0,0,0,0,0,1,0,0,": Severe floods expected. Red rainfall alert raised over Metro Manila, provinces /via"
1995,369624235380973569,manilaFloods2013,manilaFloods2013,"['ThirdPartyObservation', 'EmergingThreats', 'Factoid']",1,1,0,1,0,0,0,0,0,0,0,0,0,0,0,0,0,0,0,0,0,0,0,0,0,""": ADVISORY: All roads leading to NAIA Terminals are NOT passable as per MIAA. #FloodPH"""
1996,369627586625687553,manilaFloods2013,manilaFloods2013,"['ThirdPartyObservation', 'Factoid']",1,1,0,0,0,0,0,0,0,0,0,0,0,0,0,0,0,0,0,0,0,0,0,0,0,: ADVISORY: All roads leading to NAIA Terminals are NOT passable as per MIAA. #FloodPH
1997,369628664561807360,manilaFloods2013,manilaFloods2013,"['ThirdPartyObservation', 'EmergingThreats', 'MultimediaShare', 'ContinuingNews']",1,0,1,1,0,0,0,0,0,0,0,0,1,0,0,0,0,0,0,0,0,0,0,0,0,#FloodPH “: #Marikinariver ALERT LEVEL 1.. 15.4m water level as of 9:19 ALL FLOODGATES open | via ”
1998,369630862393868288,manilaFloods2013,manilaFloods2013,['Irrelevant'],0,0,0,0,0,0,1,0,0,0,0,0,0,0,0,0,0,0,0,0,0,0,0,0,0,So there is a chance that KKT might be cancelled? I wouldn't want TOP to be stranded because of the flood in Manila ._.
1999,369632254902816768,manilaFloods2013,manilaFloods2013,"['SearchAndRescue', 'EmergingThreats']",0,0,0,1,0,0,0,0,0,1,0,0,0,0,0,0,0,0,0,0,0,0,0,0,0,: “: GUYS WE NEED HELP! Rescue! Banuyo st. San Antonio village Makati!!!” #RescuePH
2000,369632326197600256,manilaFloods2013,manilaFloods2013,['Irrelevant'],0,0,0,0,0,0,1,0,0,0,0,0,0,0,0,0,0,0,0,0,0,0,0,0,0,: Google Crisis Map for Tropical Storm Maring #MaringPH #Habagat #FloodPH | via
2001,369633227993915392,manilaFloods2013,manilaFloods2013,['InformationWanted'],0,0,0,0,0,0,0,0,0,0,0,0,0,0,0,0,0,0,0,1,0,0,0,0,0,: Use The Hastags #WalangPasok For Suspensions #RescuePH for Help #SAFENOW if You've been rescued and #FloodPH for Floo…
2002,369633513189826560,manilaFloods2013,manilaFloods2013,['Irrelevant'],0,0,0,0,0,0,1,0,0,0,0,0,0,0,0,0,0,0,0,0,0,0,0,0,0,: Reminders: check #walangpasok for class/work suspensions; use #RescuePH for help; #safenow if you've been rescued; #FloodPH for…
2003,369634171720699906,manilaFloods2013,manilaFloods2013,['InformationWanted'],0,0,0,0,0,0,0,0,0,0,0,0,0,0,0,0,0,0,0,1,0,0,0,0,0,": by ""Important message for those who requires aid and relief services #reliefPH"""
2004,369635065073897472,manilaFloods2013,manilaFloods2013,['InformationWanted'],0,0,0,0,0,0,0,0,0,0,0,0,0,0,0,0,0,0,0,1,0,0,0,0,0,(BACOOR TRAFFIC) you may directly tweet to get traffic and other updates in Bacoor || #MaringPH #RescuePH
2005,369635488723787776,manilaFloods2013,manilaFloods2013,['Donations'],0,0,0,0,0,0,0,0,0,0,0,1,0,0,0,0,0,0,0,0,0,0,0,0,0,: #RescuePH please help the residents of 16 purity st. Remmanville bicutan. They need food and water. Lampas tao na ang w…
2006,369636700852473857,manilaFloods2013,manilaFloods2013,['Irrelevant'],0,0,0,0,0,0,1,0,0,0,0,0,0,0,0,0,0,0,0,0,0,0,0,0,0,": RT ""#MaringPH will only last for one more day or two, but the love of God endures forever. #PrayForThePhilippines"""
2007,369638504428761088,manilaFloods2013,manilaFloods2013,['Irrelevant'],0,0,0,0,0,0,1,0,0,0,0,0,0,0,0,0,0,0,0,0,0,0,0,0,0,Photo: Keep safe and pray for everyone. #prayforPhilippines #stop #maring #habagat
2008,369638630236909568,manilaFloods2013,manilaFloods2013,['Irrelevant'],0,0,0,0,0,0,1,0,0,0,0,0,0,0,0,0,0,0,0,0,0,0,0,0,0,Its getting worse #typhoonmaring #floods #rain #manila san andres manila
2009,369640458961420288,manilaFloods2013,manilaFloods2013,['InformationWanted'],0,0,0,0,0,0,0,0,0,0,0,0,0,0,0,0,0,0,0,1,0,0,0,0,0,": HASHTAG RESPONSIBLY: #walangpasok for school suspensions, #FloodPH for flood alerts, and #RescuePH FOR HELP. Ingat guys!"
2010,369640513495781376,manilaFloods2013,manilaFloods2013,['Official'],0,0,0,0,0,0,0,0,0,0,0,0,0,0,0,0,1,0,0,0,0,0,0,0,0,": FLOOD UPDATE (ALONG MANILA) as of 10:00 AM, #mmda"
2011,369640920343273473,manilaFloods2013,manilaFloods2013,['Irrelevant'],0,0,0,0,0,0,1,0,0,0,0,0,0,0,0,0,0,0,0,0,0,0,0,0,0,“: ITS YOUR TIME TO DIE WHO LIVE IN THE PHILIPPINES #PrayForThePhilippines #FloodPH” aw grabe
2012,369641704678105088,manilaFloods2013,manilaFloods2013,['Irrelevant'],0,0,0,0,0,0,1,0,0,0,0,0,0,0,0,0,0,0,0,0,0,0,0,0,0,Kudos to those volunteers helping out the residents in our area! #MaringPH #habagat
2013,369641729856507904,manilaFloods2013,manilaFloods2013,"['Volunteer', 'Donations']",0,0,0,0,0,0,0,0,0,0,0,1,0,1,0,0,0,0,0,0,0,0,0,0,0,: #LingapGABRIELA Currently organizing #reliefPH for families affected by #MaringPH Call 4341039 plsRT http:…
2014,369642031812853760,manilaFloods2013,manilaFloods2013,['InformationWanted'],0,0,0,0,0,0,0,0,0,0,0,0,0,0,0,0,0,0,0,1,0,0,0,0,0,": How #RescuePH works: 1st line, local DRRMCs; nat support/coord is . helps liaise w/"
2015,369642887446679552,manilaFloods2013,manilaFloods2013,"['Volunteer', 'Donations', 'MultimediaShare']",0,0,0,0,0,0,0,0,0,0,0,1,1,1,0,0,0,0,0,0,0,0,0,0,0,: Important checklist. Pls RT! “: Stay safe! #rescuePH #MaringPH #reliefPH”
2016,369644649066934272,manilaFloods2013,manilaFloods2013,['Irrelevant'],0,0,0,0,0,0,1,0,0,0,0,0,0,0,0,0,0,0,0,0,0,0,0,0,0,"“: ITS YOUR TIME TO DIE WHO LIVE IN THE PHILIPPINES #PrayForThePhilippines #FloodPH” Wow. So, you're a God now?"
2017,369647064977645569,manilaFloods2013,manilaFloods2013,"['FirstPartyObservation', 'EmergingThreats']",0,0,0,1,0,0,0,0,0,0,1,0,0,0,0,0,0,0,0,0,0,0,0,0,0,""":Flood water is already grounded in Villamor Pls contact Meralco urgent #RescuePH"
2018,369648537195139072,manilaFloods2013,manilaFloods2013,['Irrelevant'],0,0,0,0,0,0,1,0,0,0,0,0,0,0,0,0,0,0,0,0,0,0,0,0,0,“: YUCK IN THE PHILIPPINES ARE SO MANY BEGGAR PEOPLE SO BETTER DIE #PrayForThePhilippines #FloodPH” HAHAHAHHAHAHAHAH pakyu
2019,369648881123868672,manilaFloods2013,manilaFloods2013,"['InformationWanted', 'ServiceAvailable']",0,0,0,0,0,0,0,0,0,0,0,0,0,0,0,0,0,1,0,1,0,0,0,0,0,": If anyone needs help or assistance, the Sagip Kapamilya hotlines are 024114995 023949272 and 09178844411. #MaringPH #P…"
2020,369650571432570881,manilaFloods2013,manilaFloods2013,"['Weather', 'ContinuingNews']",0,0,1,0,0,0,0,0,0,0,0,0,0,0,0,0,0,0,0,0,0,0,1,0,0,: Alert level 2 raised for Marikina River #WeatherAlert #MaringPH
2021,369651187995672576,manilaFloods2013,manilaFloods2013,['Irrelevant'],0,0,0,0,0,0,1,0,0,0,0,0,0,0,0,0,0,0,0,0,0,0,0,0,0,take note the hashtags to use.. #habagat #MaringPH
2022,369651687121645568,manilaFloods2013,manilaFloods2013,['Irrelevant'],0,0,0,0,0,0,1,0,0,0,0,0,0,0,0,0,0,0,0,0,0,0,0,0,0,""": ITS YOUR TIME TO DIE WHO LIVE IN THE PHILIPPINES #PrayForThePhilippines #FloodPH"" excuse me bitch"
2023,369652291105591296,manilaFloods2013,manilaFloods2013,"['FirstPartyObservation', 'MultimediaShare']",0,0,0,0,0,0,0,0,0,0,1,0,1,0,0,0,0,0,0,0,0,0,0,0,0,: Magsaysay st. front of Yakal residence hall abt 8inches of flood #floodPH #updiliman
2024,369653452923994112,manilaFloods2013,manilaFloods2013,['Irrelevant'],0,0,0,0,0,0,1,0,0,0,0,0,0,0,0,0,0,0,0,0,0,0,0,0,0,""": 50-60% of Metro Manila flooded (varying situations: ankle to chest deep)"" #PrayForThePhilippines #FloodPH"
2025,369653998166355969,manilaFloods2013,manilaFloods2013,['ThirdPartyObservation'],1,0,0,0,0,0,0,0,0,0,0,0,0,0,0,0,0,0,0,0,0,0,0,0,0,: #MaringPH #habagat update: around 1400 families from Baseco in Manila have been evacuated to nearby evac center. #ReliefPH
2026,369655759765639169,manilaFloods2013,manilaFloods2013,['Irrelevant'],0,0,0,0,0,0,1,0,0,0,0,0,0,0,0,0,0,0,0,0,0,0,0,0,0,"U ARE SO WRONG GRAMMINGZ "": YUCK IN THE PHILIPPINES ARE SO MANY BEGGAR PEOPLE SO BETTER DIE #PrayForThePhilippines #FloodPH"""
2027,369656183415504896,manilaFloods2013,manilaFloods2013,['Irrelevant'],0,0,0,0,0,0,1,0,0,0,0,0,0,0,0,0,0,0,0,0,0,0,0,0,0,: HOTLINES TO REMEMBER #maringPH
2028,369656976130596864,manilaFloods2013,manilaFloods2013,['Irrelevant'],0,0,0,0,0,0,1,0,0,0,0,0,0,0,0,0,0,0,0,0,0,0,0,0,0,“: YUCK IN THE PHILIPPINES ARE SO MANY BEGGAR PEOPLE SO BETTER DIE #PrayForThePhilippines #FloodPH”. CAN U JST. RIP ENGLISH
2029,369657710129598464,manilaFloods2013,manilaFloods2013,['Irrelevant'],0,0,0,0,0,0,1,0,0,0,0,0,0,0,0,0,0,0,0,0,0,0,0,0,0,The rain goes on and on again :( #MaringPH
2030,369658876137721857,manilaFloods2013,manilaFloods2013,"['ThirdPartyObservation', 'MultimediaShare', 'Factoid', 'ContinuingNews']",1,1,1,0,0,0,0,0,0,0,0,0,1,0,0,0,0,0,0,0,0,0,0,0,0,: The #FloodPH measurements: no more chamba as to how deep knee-deep could get. #WeatherAlert
2031,369659220104208384,manilaFloods2013,manilaFloods2013,['InformationWanted'],0,0,0,0,0,0,0,0,0,0,0,0,0,0,0,0,0,0,0,1,0,0,0,0,0,Tweet and update and others if you're #SAFENOW. Please.
2032,369660935561953280,manilaFloods2013,manilaFloods2013,"['MultimediaShare', 'ContinuingNews']",0,0,1,0,0,0,0,0,0,0,0,0,1,0,0,0,0,0,0,0,0,0,0,0,0,": UPDATE: Red rainfall alert stays over Metro Manila, provinces #MaringPH #habagat"
2033,369661778592301056,manilaFloods2013,manilaFloods2013,"['InformationWanted', 'ThirdPartyObservation', 'ServiceAvailable']",1,0,0,0,0,0,0,0,0,0,0,0,0,0,0,0,0,1,0,1,0,0,0,0,0,Philippine Emergency Hotlines #prayforphilippines #habagat #Maring
2034,369661820543315968,manilaFloods2013,manilaFloods2013,['Irrelevant'],0,0,0,0,0,0,1,0,0,0,0,0,0,0,0,0,0,0,0,0,0,0,0,0,0,Heavy rainfall gradually attenuate. #PrayForThePhilippines #safenow
2035,369662692966948865,manilaFloods2013,manilaFloods2013,"['Weather', 'ContinuingNews']",0,0,1,0,0,0,0,0,0,0,0,0,0,0,0,0,0,0,0,0,0,0,1,0,0,: Tropical Storm Maring expected to leave PH Area of Responsibility on Thursday #MaringPH
2036,369663187899396096,manilaFloods2013,manilaFloods2013,['Irrelevant'],0,0,0,0,0,0,1,0,0,0,0,0,0,0,0,0,0,0,0,0,0,0,0,0,0,My Mom wt our Neighbor hahaha! May AirBed pala kami galing Aussie Lol! #yolo #baha #habagat
2037,369663603143901184,manilaFloods2013,manilaFloods2013,"['InformationWanted', 'ThirdPartyObservation', 'ServiceAvailable']",1,0,0,0,0,0,0,0,0,0,0,0,0,0,0,0,0,1,0,1,0,0,0,0,0,: EMERGENCY HOTLINES. Please RT! #reliefPH
2038,369666065187364864,manilaFloods2013,manilaFloods2013,['Irrelevant'],0,0,0,0,0,0,1,0,0,0,0,0,0,0,0,0,0,0,0,0,0,0,0,0,0,": Check #walangpasok for class/work suspensions, use #rescuePH for help, #safenow if you have been…"
2039,369666346218319872,manilaFloods2013,manilaFloods2013,['Irrelevant'],0,0,0,0,0,0,1,0,0,0,0,0,0,0,0,0,0,0,0,0,0,0,0,0,0,": #MaringPH maintains strength, speeds up #WeatherAlert"
2040,369668476899561472,manilaFloods2013,manilaFloods2013,"['InformationWanted', 'ThirdPartyObservation', 'ServiceAvailable']",1,0,0,0,0,0,0,0,0,0,0,0,0,0,0,0,0,1,0,1,0,0,0,0,0,": Use of Hashtags: #RescuePH for emergency. #ReliefPH for evacuation centers, relief ops. #FloodPH for flood situation. #Sa…"
2041,369668565013516288,manilaFloods2013,manilaFloods2013,['Irrelevant'],0,0,0,0,0,0,1,0,0,0,0,0,0,0,0,0,0,0,0,0,0,0,0,0,0,": For inquiries re: evacuees at Sto. Domingo Church in QC, call 712-6271 to 74 #reliefPH"
2042,369669005386063872,manilaFloods2013,manilaFloods2013,"['InformationWanted', 'Donations']",0,0,0,0,0,0,0,0,0,0,0,1,0,0,0,0,0,0,0,1,0,0,0,0,0,": Help #MaringPH affected families. Donate online Help in providing food water, blanket,and essenti…"
2043,369669013804048386,manilaFloods2013,manilaFloods2013,"['ThirdPartyObservation', 'Weather']",1,0,0,0,0,0,0,0,0,0,0,0,0,0,0,0,0,0,0,0,0,0,1,0,0,: Tropical Storm Maring expected to leave PH Area of Responsibility on Thursday #MaringPH
2044,369669156372635648,manilaFloods2013,manilaFloods2013,['Volunteer'],0,0,0,0,0,0,0,0,0,0,0,0,0,1,0,0,0,0,0,0,0,0,0,0,0,We are also in need of volunteers for repacking and relief operations. Please contact 0926-722-2723. #MaringPH #recuePH
2045,369669298995748864,manilaFloods2013,manilaFloods2013,"['FirstPartyObservation', 'EmergingThreats']",0,0,0,1,0,0,0,0,0,0,1,0,0,0,0,0,0,0,0,0,0,0,0,0,0,: RT : UPDATES AS OF 1045 AM CAINTA Ortigas Ext - NOT PASSABLE Imelda Ave. - NOT PASSABLE TO LIGHT VEHICLES #floodph
2046,369669861049266176,manilaFloods2013,manilaFloods2013,['InformationWanted'],0,0,0,0,0,0,0,0,0,0,0,0,0,0,0,0,0,0,0,1,0,0,0,0,0,"Makati Public Safety Department: (02) 844-3146, (02) 819-3270 to 71 #MaringPH"
2047,369671631049748481,manilaFloods2013,manilaFloods2013,['Irrelevant'],0,0,0,0,0,0,1,0,0,0,0,0,0,0,0,0,0,0,0,0,0,0,0,0,0,we're currently using #unitas #uapreliefoperations #uaphopes #reliefPH
2048,369672763499220993,manilaFloods2013,manilaFloods2013,['Irrelevant'],0,0,0,0,0,0,1,0,0,0,0,0,0,0,0,0,0,0,0,0,0,0,0,0,0,Philippines be safe!!!! #FloodPH #prayforthephil #arcillaclan #biongclan #garciaclan #outlawclan #bboysclan
2049,369673598161526784,manilaFloods2013,manilaFloods2013,"['Weather', 'MultimediaShare']",0,0,0,0,0,0,0,0,0,0,0,0,1,0,0,0,0,0,0,0,0,0,1,0,0,": .: Weather satellite feed as of Aug 20, 2013 12:00 PM. #MaringPH"
2050,369674277651353601,manilaFloods2013,manilaFloods2013,"['EmergingThreats', 'MultimediaShare', 'ContinuingNews']",0,0,1,1,0,0,0,0,0,0,0,0,1,0,0,0,0,0,0,0,0,0,0,0,0,: View Metro Manila maps showing flooded areas: | #maringupdates
2051,369674579637059584,manilaFloods2013,manilaFloods2013,['Irrelevant'],0,0,0,0,0,0,1,0,0,0,0,0,0,0,0,0,0,0,0,0,0,0,0,0,0,: Hashtag power! #walangpasok - for class/work suspensions #RescuePH - for help #SAFENOW - if u've been rescued #FloodPH …
2052,369675082940940289,manilaFloods2013,manilaFloods2013,"['InformationWanted', 'Factoid']",0,1,0,0,0,0,0,0,0,0,0,0,0,0,0,0,0,0,0,1,0,0,0,0,0,": Use of Hashtags: #RescuePH for emergency. #ReliefPH for evacuation centers, relief ops. #FloodPH for flood situation. #S…"
2053,369675842118377472,manilaFloods2013,manilaFloods2013,['Irrelevant'],0,0,0,0,0,0,1,0,0,0,0,0,0,0,0,0,0,0,0,0,0,0,0,0,0,Please just stop asking about the suspension of classes. Just focus on #RescuePH and #reliefPH #PrayForThePhilippines
2054,369676118921469952,manilaFloods2013,manilaFloods2013,"['EmergingThreats', 'MultimediaShare', 'ContinuingNews']",0,0,1,1,0,0,0,0,0,0,0,0,1,0,0,0,0,0,0,0,0,0,0,0,0,: BREAKING: La Mesa Dam breaches spill level #MaringPH
2055,369680237744766977,manilaFloods2013,manilaFloods2013,['Irrelevant'],0,0,0,0,0,0,1,0,0,0,0,0,0,0,0,0,0,0,0,0,0,0,0,0,0,Be safe and dry everybody!!! #PrayForThePhilippines #FloodPH #PrayForLaguna
2056,369680271311790080,manilaFloods2013,manilaFloods2013,"['InformationWanted', 'Factoid']",0,1,0,0,0,0,0,0,0,0,0,0,0,0,0,0,0,0,0,1,0,0,0,0,0,Uses of Hashtags #RescuePH - emergency #ReliefPH - evacuation centers &amp; relief operations #FloodPH - flood situation #SafeNow - once rescued
2057,369680300642557952,manilaFloods2013,manilaFloods2013,"['InformationWanted', 'Factoid']",0,1,0,0,0,0,0,0,0,0,0,0,0,0,0,0,0,0,0,1,0,0,0,0,0,: 4of4 UPDATED LIST of Evacuation Centers as of 11 am 8/20/2013 #reliefPH #RescuePH
2058,369680657162584064,manilaFloods2013,manilaFloods2013,"['EmergingThreats', 'MultimediaShare']",0,0,0,1,0,0,0,0,0,0,0,0,1,0,0,0,0,0,0,0,0,0,0,0,0,: Timelapse video of flooding along E. Rodriguez cor Araneta Ave. in QC #FloodPH
2059,369683609965195264,manilaFloods2013,manilaFloods2013,['Volunteer'],0,0,0,0,0,0,0,0,0,0,0,0,0,1,0,0,0,0,0,0,0,0,0,0,0,""": Volunteer appeal as millions battle Manila flood """
2060,369683739984412672,manilaFloods2013,manilaFloods2013,['Donations'],0,0,0,0,0,0,0,0,0,0,0,1,0,0,0,0,0,0,0,0,0,0,0,0,0,: U may drop-off donations at any LBC branch.These will be turned-over direct 2 &amp; evac centres #ReliefPH ht…
2061,369686646658052097,manilaFloods2013,manilaFloods2013,['Irrelevant'],0,0,0,0,0,0,1,0,0,0,0,0,0,0,0,0,0,0,0,0,0,0,0,0,0,Goodjob Yogi. Keeping guard and making sure were all safe. #yogi #cats #MaringPH
2062,369687015727435776,manilaFloods2013,manilaFloods2013,['Irrelevant'],0,0,0,0,0,0,1,0,0,0,0,0,0,0,0,0,0,0,0,0,0,0,0,0,0,: Keep Safe Everyone #Maring2013 #PrayForThePhilippines #FloodPH
2063,369689356153266177,manilaFloods2013,manilaFloods2013,['Irrelevant'],0,0,0,0,0,0,1,0,0,0,0,0,0,0,0,0,0,0,0,0,0,0,0,0,0,I hope that everyone's #SAFENOW :-) All Glory to God!
2064,369690564100243456,manilaFloods2013,manilaFloods2013,['Irrelevant'],0,0,0,0,0,0,1,0,0,0,0,0,0,0,0,0,0,0,0,0,0,0,0,0,0,": Thomasians, let's all come together as one. Pls continue praying, sharing, and caring. #MaringPH"
2065,369690585084342272,manilaFloods2013,manilaFloods2013,['Irrelevant'],0,0,0,0,0,0,1,0,0,0,0,0,0,0,0,0,0,0,0,0,0,0,0,0,0,leave at the place nearest you? for San Juan -- for Mandaluyong -- #reliefPH
2066,369691985994469376,manilaFloods2013,manilaFloods2013,['Irrelevant'],0,0,0,0,0,0,1,0,0,0,0,0,0,0,0,0,0,0,0,0,0,0,0,0,0,"“: Thomasians, let's all come together as one. Pls continue praying, sharing, and caring. #MaringPH ”"
2067,369692522878357504,manilaFloods2013,manilaFloods2013,"['FirstPartyObservation', 'EmergingThreats']",0,0,0,1,0,0,0,0,0,0,1,0,0,0,0,0,0,0,0,0,0,0,0,0,0,It's flooded on some plase in DLSU Manila Campus #sony #nexf3 #dlsu #campus #manila #flood
2068,369696125780889600,manilaFloods2013,manilaFloods2013,['Irrelevant'],0,0,0,0,0,0,1,0,0,0,0,0,0,0,0,0,0,0,0,0,0,0,0,0,0,: Orange rainfall warning lowered over Metro Manila as of 140PM. Let's pray it keeps lowering. #MaringPH
2069,369697241465769984,manilaFloods2013,manilaFloods2013,"['Weather', 'ContinuingNews']",0,0,1,0,0,0,0,0,0,0,0,0,0,0,0,0,0,0,0,0,0,0,1,0,0,: PAGASA sees improved weather across Phl by weekend #MaringUpdates
2070,369697568617271297,manilaFloods2013,manilaFloods2013,['Factoid'],0,1,0,0,0,0,0,0,0,0,0,0,0,0,0,0,0,0,0,0,0,0,0,0,0,Need help? Here are the official emergency hotlines compiled by DBTC Communications. #MaringPH
2071,369699175039905792,manilaFloods2013,manilaFloods2013,"['FirstPartyObservation', 'EmergingThreats']",0,0,0,1,0,0,0,0,0,0,1,0,0,0,0,0,0,0,0,0,0,0,0,0,0,Markina river now overflowing #FloodPH
2072,369699237920927744,manilaFloods2013,manilaFloods2013,"['ServiceAvailable', 'Factoid']",0,1,0,0,0,0,0,0,0,0,0,0,0,0,0,0,0,1,0,0,0,0,0,0,0,: Complete list of NCR EVACUATION CENTERS as of 11 am 8/20/2013 #reliefPH #RescuePH Please share.
2073,369699657389056001,manilaFloods2013,manilaFloods2013,"['ServiceAvailable', 'Factoid']",0,1,0,0,0,0,0,0,0,0,0,0,0,0,0,0,0,1,0,0,0,0,0,0,0,": #rescuePH for emergencies, #reliefPH for evacuation centers &amp; relief ops, #floodPH for flood situation, #safenow once …"
2074,369699720291053568,manilaFloods2013,manilaFloods2013,"['ServiceAvailable', 'Factoid']",0,1,0,0,0,0,0,0,0,0,0,0,0,0,0,0,0,1,0,0,0,0,0,0,0,"Use these hashtags for faster response: #RescuePH for assistance, #ReliefPH for donations, #SAFENOW if already rescued. Let's stay vigilant!"
2075,369704547913969664,manilaFloods2013,manilaFloods2013,"['Volunteer', 'Donations']",0,0,0,0,0,0,0,0,0,0,0,1,0,1,0,0,0,0,0,0,0,0,0,0,0,: 1/2 We have started accepting donations and are open to volunteers who want to help out in packing the goods. #reliefPH…
2076,369705219006816256,manilaFloods2013,manilaFloods2013,['Donations'],0,0,0,0,0,0,0,0,0,0,0,1,0,0,0,0,0,0,0,0,0,0,0,0,0,"To help those affected by Typhoon Maring: Donate to the Red Cross. For GLOBE subs, please text RED &lt;5,25,50,100,300&gt; to 2899 #RescuePH"
2077,369705621668364288,manilaFloods2013,manilaFloods2013,['Donations'],0,0,0,0,0,0,0,0,0,0,0,1,0,0,0,0,0,0,0,0,0,0,0,0,0,: Victory centers receiving goods for #reliefPH …
2078,369706166919512064,manilaFloods2013,manilaFloods2013,['ServiceAvailable'],0,0,0,0,0,0,0,0,0,0,0,0,0,0,0,0,0,1,0,0,0,0,0,0,0,": Use the unified hashtags RESPONSIBLY: #RescuePH if in need of rescue, #ReliefPH if in need of aid. Please tweet location &amp; cont…"
2079,369708536709648384,manilaFloods2013,manilaFloods2013,['ContinuingNews'],0,0,1,0,0,0,0,0,0,0,0,0,0,0,0,0,0,0,0,0,0,0,0,0,0,: Floods cover more than half of Manila
2080,369710071824920576,manilaFloods2013,manilaFloods2013,"['ThirdPartyObservation', 'EmergingThreats']",1,0,0,1,0,0,0,0,0,0,0,0,0,0,0,0,0,0,0,0,0,0,0,0,0,#FloodPH Marikina River Water Level is still rising.
2081,369710717760319488,manilaFloods2013,manilaFloods2013,"['ServiceAvailable', 'Factoid']",0,1,0,0,0,0,0,0,0,0,0,0,0,0,0,0,0,1,0,0,0,0,0,0,0,#SocialBulletin We now have #FloodPH feeds specific to EDSA and TAFT Avenue for your reference.
2082,369711032312164352,manilaFloods2013,manilaFloods2013,"['FirstPartyObservation', 'EmergingThreats']",0,0,0,1,0,0,0,0,0,0,1,0,0,0,0,0,0,0,0,0,0,0,0,0,0,: Marikina River is in CRITICAL LEVEL (Alert 3) :( #PrayForThePhilippines #MaringPH #Habagat
2083,369715109175623680,manilaFloods2013,manilaFloods2013,"['EmergingThreats', 'MultimediaShare', 'ContinuingNews']",0,0,1,1,0,0,0,0,0,0,0,0,1,0,0,0,0,0,0,0,0,0,0,0,0,: BREAKING: Alert level 4 raised for Marikina River Alarm for forced evacuation sounded. #MaringPH
2084,369715302105227264,manilaFloods2013,manilaFloods2013,['Irrelevant'],0,0,0,0,0,0,1,0,0,0,0,0,0,0,0,0,0,0,0,0,0,0,0,0,0,"Mother Nature, Mother Earth, Mama Mary, help us. Please cast away this rain! #MaringPH #PrayForThePhilippines"
2085,369716149354647553,manilaFloods2013,manilaFloods2013,['Irrelevant'],0,0,0,0,0,0,1,0,0,0,0,0,0,0,0,0,0,0,0,0,0,0,0,0,0,consider Sto. Domingo Church? they have a growing number of evacuees and they're worried about dinner. #reliefPH
2086,369716640088195072,manilaFloods2013,manilaFloods2013,"['ThirdPartyObservation', 'EmergingThreats']",1,0,0,1,0,0,0,0,0,0,0,0,0,0,0,0,0,0,0,0,0,0,0,0,0,: Marikina River nasa Alert Level 4 n (Force Evacuation) #PrayForThePhilippines #Habagat #FloodPH Keep Safe Everyone!
2087,369718095536865281,manilaFloods2013,manilaFloods2013,['Donations'],0,0,0,0,0,0,0,0,0,0,0,1,0,0,0,0,0,0,0,0,0,0,0,0,0,": Sto. Domingo Church along Quezon Ave opens its doors to evacuees, needs donations | #maringupdates"
2088,369719022465454081,manilaFloods2013,manilaFloods2013,"['MovePeople', 'EmergingThreats', 'ContinuingNews']",0,0,1,1,0,0,0,0,0,0,0,0,0,0,0,1,0,0,0,0,0,0,0,0,0,": Forced evacuation in Angeles City; state of calamity declared in San Fernando, Pampanga | via #MaringPH"
2089,369719479632007168,manilaFloods2013,manilaFloods2013,['Donations'],0,0,0,0,0,0,0,0,0,0,0,1,0,0,0,0,0,0,0,0,0,0,0,0,0,": ""Help victims of #MaringPH by donating goods in kind to any McDo store located in MM starting today until Aug 25 #reliefPH"""
2090,369721207697862657,manilaFloods2013,manilaFloods2013,['ServiceAvailable'],0,0,0,0,0,0,0,0,0,0,0,0,0,0,0,0,0,1,0,0,0,0,0,0,0,: Check out our updated list of participating centers and relief items: #reliefph #tulongpin…
2091,369721459343884288,manilaFloods2013,manilaFloods2013,['Volunteer'],0,0,0,0,0,0,0,0,0,0,0,0,0,1,0,0,0,0,0,0,0,0,0,0,0,#MaringPH RT needs some volunteer at the the Sto.Domingo church. Males and Females would do. :) #TulongTomasino
2092,369722000425877504,manilaFloods2013,manilaFloods2013,['ServiceAvailable'],0,0,0,0,0,0,0,0,0,0,0,0,0,0,0,0,0,1,0,0,0,0,0,0,0,"Important phone numbers, be safe everyone. #MaringPH"
2093,369722608612167680,manilaFloods2013,manilaFloods2013,"['MovePeople', 'FirstPartyObservation', 'EmergingThreats']",0,0,0,1,0,0,0,0,0,0,1,0,0,0,0,1,0,0,0,0,0,0,0,0,0,"ALERT LEVEL 4, Marikina River at 18meters. Marikina residents near the river, you guys need to evacuate NOW. #maringPH #floodPH"
2094,369722965123817472,manilaFloods2013,manilaFloods2013,['Donations'],0,0,0,0,0,0,0,0,0,0,0,1,0,0,0,0,0,0,0,0,0,0,0,0,0,: Help victims of #MaringPH by donating goods in kind to any McDo store located in MM starting today until Aug 25 #reliefPH
2095,369723120313053184,manilaFloods2013,manilaFloods2013,['Irrelevant'],0,0,0,0,0,0,1,0,0,0,0,0,0,0,0,0,0,0,0,0,0,0,0,0,0,": It's rainy season (duh, its yearly) &amp; it's flooding once again. Why does it still flood in Metro Manila? Read:"
2096,369723875279376384,manilaFloods2013,manilaFloods2013,['Donations'],0,0,0,0,0,0,0,0,0,0,0,1,0,0,0,0,0,0,0,0,0,0,0,0,0,": Hi, everyone! &amp; are now accepting donations for Maring relief. Pls spread the word! #reliefph #tu…"
2097,369724386984484864,manilaFloods2013,manilaFloods2013,['Irrelevant'],0,0,0,0,0,0,1,0,0,0,0,0,0,0,0,0,0,0,0,0,0,0,0,0,0,"Despite the storm, Pinoy tayo. Smile lang. :) This'll pass. #MaringPH"
2098,369724751885131776,manilaFloods2013,manilaFloods2013,['Irrelevant'],0,0,0,0,0,0,1,0,0,0,0,0,0,0,0,0,0,0,0,0,0,0,0,0,0,Its not fun having you here anymore. #FloodPH #PrayForThePhilippines
2099,369725490099003392,manilaFloods2013,manilaFloods2013,"['Volunteer', 'MultimediaShare']",0,0,0,0,0,0,0,0,0,0,0,0,1,1,0,0,0,0,0,0,0,0,0,0,0,#ReliefPH: Check out and how you can help out.
2100,369727876637011968,manilaFloods2013,manilaFloods2013,['Irrelevant'],0,0,0,0,0,0,1,0,0,0,0,0,0,0,0,0,0,0,0,0,0,0,0,0,0,"For those w/ pets,pls include them in your evacuation/rescue plans.They are more important than ANY of your material belongings. #MaringPH"
2101,369729738920570882,manilaFloods2013,manilaFloods2013,['FirstPartyObservation'],0,0,0,0,0,0,0,0,0,0,1,0,0,0,0,0,0,0,0,0,0,0,0,0,0,Bacoor - Main Road (Talaba to Bayan/Poblacion - Ankle to knee deep #FloodPH
2102,369731232084410368,manilaFloods2013,manilaFloods2013,['Irrelevant'],0,0,0,0,0,0,1,0,0,0,0,0,0,0,0,0,0,0,0,0,0,0,0,0,0,: #SAFENOW thank you lord! #PrayForThePhilippines
2103,369732762996994048,manilaFloods2013,manilaFloods2013,"['Donations', 'MultimediaShare']",0,0,0,0,0,0,0,0,0,0,0,1,1,0,0,0,0,0,0,0,0,0,0,0,0,: Bring urgent help to #MaringPH affected families. You can donate online #reliefPH
2104,369733006270795776,manilaFloods2013,manilaFloods2013,['Irrelevant'],0,0,0,0,0,0,1,0,0,0,0,0,0,0,0,0,0,0,0,0,0,0,0,0,0,hows the flood level in domestic road pasay? #FloodPH
2105,369733518005239809,manilaFloods2013,manilaFloods2013,['Donations'],0,0,0,0,0,0,0,0,0,0,0,1,0,0,0,0,0,0,0,0,0,0,0,0,0,": Help victims of #MaringPH &amp; donate to the Red Cross. For Smart, text RED &lt;10,25,50, or 100&gt; to 4143 #SmartActs"
2106,369737171214667776,manilaFloods2013,manilaFloods2013,['Irrelevant'],0,0,0,0,0,0,1,0,0,0,0,0,0,0,0,0,0,0,0,0,0,0,0,0,0,": ""Keep calm and be positive Philippines. We've been there"" #MaringPH"
2107,369737678717079552,manilaFloods2013,manilaFloods2013,['Donations'],0,0,0,0,0,0,0,0,0,0,0,1,0,0,0,0,0,0,0,0,0,0,0,0,0,: UA&amp;P University Student Government: We need more sacks of rice. Calling for more donations! | #uapreliefops #reliefPH v…
2108,369737829724606464,manilaFloods2013,manilaFloods2013,['ServiceAvailable'],0,0,0,0,0,0,0,0,0,0,0,0,0,0,0,0,0,1,0,0,0,0,0,0,0,: San Jose Seminary inside Ateneo campus is now open for evacuees. #RescuePH via bro_deejay
2109,369742690943893505,manilaFloods2013,manilaFloods2013,['Irrelevant'],0,0,0,0,0,0,1,0,0,0,0,0,0,0,0,0,0,0,0,0,0,0,0,0,0,: RT FOR A SHOUTOUT :)) #PrayForThePhilippines #SAFENOW
2110,369743244562690048,manilaFloods2013,manilaFloods2013,['ServiceAvailable'],0,0,0,0,0,0,0,0,0,0,0,0,0,0,0,0,0,1,0,0,0,0,0,0,0,: Kindly help and retweet these Emergency Hotlines: - #PrayforThePhilippines - #FloodPH - #Baha - Keep safe everyone! - http…
2111,369744137970401280,manilaFloods2013,manilaFloods2013,['ServiceAvailable'],0,0,0,0,0,0,0,0,0,0,0,0,0,0,0,0,0,1,0,0,0,0,0,0,0,": CCF Relief Ops ONGOING: #ReliefPH CCF MAKATI 3rd Floor, A.Venue Mall, Makati Avenue, Makati City Contact: Marco Escudero …"
2112,369744960058163201,manilaFloods2013,manilaFloods2013,"['Donations', 'MultimediaShare']",0,0,0,0,0,0,0,0,0,0,0,1,1,0,0,0,0,0,0,0,0,0,0,0,0,You can also volunteer for #ReliefPH operations of other organizations.
2113,369746704897409024,manilaFloods2013,manilaFloods2013,['Weather'],0,0,0,0,0,0,0,0,0,0,0,0,0,0,0,0,0,0,0,0,0,0,1,0,0,Typhoon Maring intensifies Southwest Monsoon. #storify #floodph #maringph
2114,369754191725473792,manilaFloods2013,manilaFloods2013,['Irrelevant'],0,0,0,0,0,0,1,0,0,0,0,0,0,0,0,0,0,0,0,0,0,0,0,0,0,Ok I feel safer na. Evacuated Jazzie to the nearest mall just to be sure. #MaringPH
2115,369755684885110785,manilaFloods2013,manilaFloods2013,['Irrelevant'],0,0,0,0,0,0,1,0,0,0,0,0,0,0,0,0,0,0,0,0,0,0,0,0,0,What the heck? #MaringPH “: Look what happened to SCTEX. ”
2116,369755970110361600,manilaFloods2013,manilaFloods2013,"['FirstPartyObservation', 'EmergingThreats']",0,0,0,1,0,0,0,0,0,0,1,0,0,0,0,0,0,0,0,0,0,0,0,0,0,": #MaringPH Tuesday morn in Zamboanga st., Maharlika Village, Taguig City. #TiisBaha Thanks"
2117,369756448240447488,manilaFloods2013,manilaFloods2013,['ServiceAvailable'],0,0,0,0,0,0,0,0,0,0,0,0,0,0,0,0,0,1,0,0,0,0,0,0,0,Please include in your #ReliefPH list in Rappler. Thanks!-- (cont)
2118,369756905440178178,manilaFloods2013,manilaFloods2013,"['Donations', 'MultimediaShare']",0,0,0,0,0,0,0,0,0,0,0,1,1,0,0,0,0,0,0,0,0,0,0,0,0,": Yes, kids can help too! You can still send your donations until 6pm today. #reliefph #tulongpinoy"
2119,369757526163595264,manilaFloods2013,manilaFloods2013,['FirstPartyObservation'],0,0,0,0,0,0,0,0,0,0,1,0,0,0,0,0,0,0,0,0,0,0,0,0,0,"..Heavy downpour of rain again here in San Pedro, Laguna..#SanPedro #Laguna #typhoon #MaringPH #stateofcalamity"
2120,369757668774531073,manilaFloods2013,manilaFloods2013,['Donations'],0,0,0,0,0,0,0,0,0,0,0,1,0,0,0,0,0,0,0,0,0,0,0,0,0,: have a surplus of pickup vehicles and not enough donations. Contact 09175128736. #reliefPH v…
2121,369758155325980672,manilaFloods2013,manilaFloods2013,['ServiceAvailable'],0,0,0,0,0,0,0,0,0,0,0,0,0,0,0,0,0,1,0,0,0,0,0,0,0,: 2nd batch of donations (almost 200 pcs. of canned goods) on their way to 's Iskoperation. Thank you so much! #reliefPH
2122,369759958872506368,manilaFloods2013,manilaFloods2013,['Irrelevant'],0,0,0,0,0,0,1,0,0,0,0,0,0,0,0,0,0,0,0,0,0,0,0,0,0,: UPDATED FILE: RT #maring #safenow #rescueph
2123,369760902586716160,manilaFloods2013,manilaFloods2013,['Irrelevant'],0,0,0,0,0,0,1,0,0,0,0,0,0,0,0,0,0,0,0,0,0,0,0,0,0,*praying* RT : PAGASA: #MaringPH may exit Phl area of responsibility tomorrow afternoon. | via
2124,369761187807760384,manilaFloods2013,manilaFloods2013,"['ThirdPartyObservation', 'EmergingThreats']",1,0,0,1,0,0,0,0,0,0,0,0,0,0,0,0,0,0,0,0,0,0,0,0,0,: #SafeNow based on our database. RT : #RescuePH Please check on Abegail Pascasio sa 104 E.Flores St. Malibay P…
2125,369761808556359680,manilaFloods2013,manilaFloods2013,['Irrelevant'],0,0,0,0,0,0,1,0,0,0,0,0,0,0,0,0,0,0,0,0,0,0,0,0,0,: ADVISORY: RLC: Robinsons Malls waiving overnight parking fees for malls in #FloodPH affected areas | …
2126,369763419161133056,manilaFloods2013,manilaFloods2013,"['MultimediaShare', 'ServiceAvailable']",0,0,0,0,0,0,0,0,0,0,0,0,1,0,0,0,0,1,0,0,0,0,0,0,0,: RT :#ReliefPH Relief Operations in UP Manila through USC and CSCs #ADRES h…
2127,369769127633616899,manilaFloods2013,manilaFloods2013,['Irrelevant'],0,0,0,0,0,0,1,0,0,0,0,0,0,0,0,0,0,0,0,0,0,0,0,0,0,Together-Demi Lovatoft.Jason Derulo #nowplaying this ones for all the Filipinos who are keeping all 2gether dspite of the tragedy. #MaringPH
2128,369773326127755264,manilaFloods2013,manilaFloods2013,['ServiceAvailable'],0,0,0,0,0,0,0,0,0,0,0,0,0,0,0,0,0,1,0,0,0,0,0,0,0,": Drop #reliefPH goods at Univ of Asia &amp; the Pacific, Pearl Drive entrance or at Escriva Drive gate. Call 09177176212 …"
2129,369774097867083776,manilaFloods2013,manilaFloods2013,['Irrelevant'],0,0,0,0,0,0,1,0,0,0,0,0,0,0,0,0,0,0,0,0,0,0,0,0,0,: JAE YOUNG LEE FAMILY of NOVALETA. Spoke to her. #safenow
2130,369774840271495168,manilaFloods2013,manilaFloods2013,"['FirstPartyObservation', 'EmergingThreats']",0,0,0,1,0,0,0,0,0,0,1,0,0,0,0,0,0,0,0,0,0,0,0,0,0,: “: 80% of Metro Manila is submerged in flood water. Thank You we're part of the 20% :(”
2131,369774882231312384,manilaFloods2013,manilaFloods2013,['Irrelevant'],0,0,0,0,0,0,1,0,0,0,0,0,0,0,0,0,0,0,0,0,0,0,0,0,0,Nice! RT : Flight Advisory as of 6PM: PAL mounts special flights for affected Zest Air passengers. #MaringPH
2132,369776186638884864,manilaFloods2013,manilaFloods2013,['Irrelevant'],0,0,0,0,0,0,1,0,0,0,0,0,0,0,0,0,0,0,0,0,0,0,0,0,0,": Thank you to the #rescuePH team and all the amazing volunteers! Hopefully, #reliefPH mode na lang tayo bukas :)"
2133,369777109377355776,manilaFloods2013,manilaFloods2013,"['Volunteer', 'ServiceAvailable']",0,0,0,0,0,0,0,0,0,0,0,0,0,1,0,0,0,1,0,0,0,0,0,0,0,: How to Volunteer for #reliefph via rappler
2134,369778057298448384,manilaFloods2013,manilaFloods2013,['ServiceAvailable'],0,0,0,0,0,0,0,0,0,0,0,0,0,0,0,0,0,1,0,0,0,0,0,0,0,": If you're a blogger, help #ReliefPH efforts by blogging about how to bring aid to #MaringPH survivors, dropoff points for do…"
2135,369778120204619777,manilaFloods2013,manilaFloods2013,"['SearchAndRescue', 'InformationWanted', 'EmergingThreats']",0,0,0,1,0,0,0,0,0,1,0,0,0,0,0,0,0,0,0,1,0,0,0,0,0,Check to know if someone's #SAFENOW. Thanks!
2136,369782633267351552,manilaFloods2013,manilaFloods2013,"['GoodsServices', 'Volunteer']",0,0,0,0,0,0,0,0,0,0,0,0,0,1,1,0,0,0,0,0,0,0,0,0,0,Taguig residents! Enderun's looking for food to oook and volunteers via . #reliefPH #MaringPH
2137,369785367970316288,manilaFloods2013,manilaFloods2013,"['Weather', 'ContinuingNews']",0,0,1,0,0,0,0,0,0,0,0,0,0,0,0,0,0,0,0,0,0,0,1,0,0,: Record-high rainfall dumped in Metro Manila and nearby provinces due to #habagat and #MaringPH
2138,369785825145659392,manilaFloods2013,manilaFloods2013,['Factoid'],0,1,0,0,0,0,0,0,0,0,0,0,0,0,0,0,0,0,0,0,0,0,0,0,0,"""Philippines floods: +600,000 people affected; Manila submerged; tens of thousands have fled to higher ground """
2139,369786382996094977,manilaFloods2013,manilaFloods2013,['Donations'],0,0,0,0,0,0,0,0,0,0,0,1,0,0,0,0,0,0,0,0,0,0,0,0,0,HASSLE FREE TO DONATE SIMPLY CLICK THIS LINK #RedCross #RescuePH #Unionbank #Ushare #donation #MaringPH
2140,369786454312247296,manilaFloods2013,manilaFloods2013,['Factoid'],0,1,0,0,0,0,0,0,0,0,0,0,0,0,0,0,0,0,0,0,0,0,0,0,0,"MANILA: More than 200,000 flood-battered residents of the Philippine capital fled their homes on Tuesday as..."
2141,369790690534121472,manilaFloods2013,manilaFloods2013,['Irrelevant'],0,0,0,0,0,0,1,0,0,0,0,0,0,0,0,0,0,0,0,0,0,0,0,0,0,"prayers is the best we can do to help the victims of bagyong #maring, #PrayforThePhilippines."
2142,369790757663539201,manilaFloods2013,manilaFloods2013,"['Weather', 'EmergingThreats']",0,0,0,1,0,0,0,0,0,0,0,0,0,0,0,0,0,0,0,0,0,0,1,0,0,": PAGASA, 7:30 pm: Heavy to intense rains expected over Metro Manila and nearby provinces for the next three hours. Flood…"
2143,369792313741963265,manilaFloods2013,manilaFloods2013,"['FirstPartyObservation', 'EmergingThreats']",0,0,0,1,0,0,0,0,0,0,1,0,0,0,0,0,0,0,0,0,0,0,0,0,0,#RescuePH #FloodPH WATER LEVEL as of 7:59 PM Rosario JS CurrentLevel 15.43 mtrs ; CriticalLevel 15.00 mtrs ; LUBOG NG 0.43 Meters
2144,369794255713091584,manilaFloods2013,manilaFloods2013,['GoodsServices'],0,0,0,0,0,0,0,0,0,0,0,0,0,0,1,0,0,0,0,0,0,0,0,0,0,": Southridge School (Muntinlupa City - near Hillsborough Village) accepts #reliefPH donations in cash &amp; in kind, preferably foo…"
2145,369799687332585472,manilaFloods2013,manilaFloods2013,['ServiceAvailable'],0,0,0,0,0,0,0,0,0,0,0,0,0,0,0,0,0,1,0,0,0,0,0,0,0,"don't leave your babies! :( "": PAWS Animal Rehab Center is now open for ANIMAL evacuees from the Marikina area. #MaringPH"""
2146,369801478288179200,manilaFloods2013,manilaFloods2013,['Irrelevant'],0,0,0,0,0,0,1,0,0,0,0,0,0,0,0,0,0,0,0,0,0,0,0,0,0,A message for everyone! #staysafeanddry #unitephilippines #GodblessPH #maring #habagat St. Michael…
2147,369806230430035968,manilaFloods2013,manilaFloods2013,['Volunteer'],0,0,0,0,0,0,0,0,0,0,0,0,0,1,0,0,0,0,0,0,0,0,0,0,0,Please RT VOLUNTEERS! NROC needs you! Call 851-2681 / 511-1259 #reliefPH #rescuePH please share MAP -&gt;
2148,369812039536881664,manilaFloods2013,manilaFloods2013,['ServiceAvailable'],0,0,0,0,0,0,0,0,0,0,0,0,0,0,0,0,0,1,0,0,0,0,0,0,0,": [Adm-01] Please use the hashtag #rescuePH if you or someone you know needs to be rescued, #reliefPH for aid and relief se…"
2149,369814627435429890,manilaFloods2013,manilaFloods2013,"['EmergingThreats', 'MultimediaShare', 'ContinuingNews']",0,0,1,1,0,0,0,0,0,0,0,0,1,0,0,0,0,0,0,0,0,0,0,0,0,: PHOTO via : Flood situation along Taft Avenue approaching Manila City Hall as of 8:30pm
2150,369815885747208192,manilaFloods2013,manilaFloods2013,['ServiceAvailable'],0,0,0,0,0,0,0,0,0,0,0,0,0,0,0,0,0,1,0,0,0,0,0,0,0,: We are ready to respond as tens of thousands of #children flee from their homes in flood-hit Manila #Philippines http…
2151,369816519087509504,manilaFloods2013,manilaFloods2013,['ServiceAvailable'],0,0,0,0,0,0,0,0,0,0,0,0,0,0,0,0,0,1,0,0,0,0,0,0,0,"If you are stranded and near SM malls, SM malls to serve as shelter for flood victims. #floodPH"
2152,369820629488267264,manilaFloods2013,manilaFloods2013,['Irrelevant'],0,0,0,0,0,0,1,0,0,0,0,0,0,0,0,0,0,0,0,0,0,0,0,0,0,is sleeping in new bed with a view from outside trees! omg #MaringPh
2153,369826258248425473,manilaFloods2013,manilaFloods2013,['Donations'],0,0,0,0,0,0,0,0,0,0,0,1,0,0,0,0,0,0,0,0,0,0,0,0,0,": Help victims of Maring. Pls donate to the Red Cross. For SMART, please text RED &lt;10,25,50, or 100&gt; to 4143 GO #rescuePH"
2154,369826660914561024,manilaFloods2013,manilaFloods2013,"['ThirdPartyObservation', 'EmergingThreats']",1,0,0,1,0,0,0,0,0,0,0,0,0,0,0,0,0,0,0,0,0,0,0,0,0,"The greatest of these is in the 3-5 pm of Monday, which made flood as high as a man. #MaringPH #PrayForThePhilippines #LolaKoSiMaringPH"
2155,369830419006377984,manilaFloods2013,manilaFloods2013,"['Donations', 'MultimediaShare']",0,0,0,0,0,0,0,0,0,0,0,1,1,0,0,0,0,0,0,0,0,0,0,0,0,": If you work in the BGC area, you can drop off #ReliefPH donations at the ofc in BHS this week:"
2156,369838832771801088,manilaFloods2013,manilaFloods2013,['Weather'],0,0,0,0,0,0,0,0,0,0,0,0,0,0,0,0,0,0,0,0,0,0,1,0,0,: Tropical Storm Maring expected to be out of PH Area of Responsibility by Wednesday #MaringPH
2157,369844046275313665,manilaFloods2013,manilaFloods2013,['Irrelevant'],0,0,0,0,0,0,1,0,0,0,0,0,0,0,0,0,0,0,0,0,0,0,0,0,0,Things that you could do when you are stuck in the #traffic and the heavy #rain. #MaringPH
2158,369846864855564289,manilaFloods2013,manilaFloods2013,"['MultimediaShare', 'Hashtags']",0,0,0,0,0,0,0,0,0,0,0,0,1,0,0,0,0,0,0,0,0,0,0,1,0,: Here are some important hashtags you can use. (Note: Only use #RescuePH in really critical situations)
2159,369847057810345986,manilaFloods2013,manilaFloods2013,['ThirdPartyObservation'],1,0,0,0,0,0,0,0,0,0,0,0,0,0,0,0,0,0,0,0,0,0,0,0,0,8 dead as floods inundate Metro Manila: Floodwater submerged more than half of Metro Manila as heavy downpour ...
2160,369861725278838784,manilaFloods2013,manilaFloods2013,['Irrelevant'],0,0,0,0,0,0,1,0,0,0,0,0,0,0,0,0,0,0,0,0,0,0,0,0,0,Hope the flood in Taft subsided already. Back to Manila na later.
2161,369863738553167872,manilaFloods2013,manilaFloods2013,"['Donations', 'MultimediaShare']",0,0,0,0,0,0,0,0,0,0,0,1,1,0,0,0,0,0,0,0,0,0,0,0,0,"RT : VOLUNTEERS, NROC needs you! 851-2681 / 511-1259 #reliefPH #rescuePH MAP -&gt;"
2162,369864111816847360,manilaFloods2013,manilaFloods2013,['Irrelevant'],0,0,0,0,0,0,1,0,0,0,0,0,0,0,0,0,0,0,0,0,0,0,0,0,0,Floods recede in Manila as thousands evacuated
2163,369866045399760896,manilaFloods2013,manilaFloods2013,['Irrelevant'],0,0,0,0,0,0,1,0,0,0,0,0,0,0,0,0,0,0,0,0,0,0,0,0,0,WHAT THE F...kaloka. #maringph #maringtyphoon #typhoonmaring #floodph #spreaditout #godiswithus…
2164,369866301243539456,manilaFloods2013,manilaFloods2013,"['Volunteer', 'Donations']",0,0,0,0,0,0,0,0,0,0,0,1,0,1,0,0,0,0,0,0,0,0,0,0,0,: REACH OUT FOR THOSE IN NEED! Your simple gesture can help and touch lives. Be an ISKOmpanion! #RescuePH #WeAre1
2165,369869254067122177,manilaFloods2013,manilaFloods2013,['Volunteer'],0,0,0,0,0,0,0,0,0,0,0,0,0,1,0,0,0,0,0,0,0,0,0,0,0,": VOLUNTEERS, NROC needs you! 851-2681 / 511-1259 #reliefPH #rescuePH MAP -&gt; via"
2166,369887180518211584,manilaFloods2013,manilaFloods2013,"['MultimediaShare', 'ServiceAvailable']",0,0,0,0,0,0,0,0,0,0,0,0,1,0,0,0,0,1,0,0,0,0,0,0,0,": RT : Thanks! RT : hello , this might be of help too. #fyi #MaringPH http:/…"
2167,369894143071645696,manilaFloods2013,manilaFloods2013,['Irrelevant'],0,0,0,0,0,0,1,0,0,0,0,0,0,0,0,0,0,0,0,0,0,0,0,0,0,: The X-men finally found out who's behind all the rain in Manila #staydry #staysafe #xmen #maring #storm #manila
2168,369899113317289984,manilaFloods2013,manilaFloods2013,['ServiceAvailable'],0,0,0,0,0,0,0,0,0,0,0,0,0,0,0,0,0,1,0,0,0,0,0,0,0,: Pls share ACTIVE NCR EVACUATION CENTERS #reliefPH #rescuePH 1) 2) 3) http…
2169,369933791797993472,manilaFloods2013,manilaFloods2013,['Donations'],0,0,0,0,0,0,0,0,0,0,0,1,0,0,0,0,0,0,0,0,0,0,0,0,0,Donate to Philippine Flood Victims With Xoom
2170,369943711318167552,manilaFloods2013,manilaFloods2013,"['FirstPartyObservation', 'MultimediaShare']",0,0,0,0,0,0,0,0,0,0,1,0,1,0,0,0,0,0,0,0,0,0,0,0,0,: #MAringPH from WorldVision staff Majo Gomez: Keep children away from floods to avoid flood-borne diseases http://…
2171,369956755637166081,manilaFloods2013,manilaFloods2013,"['Weather', 'Official']",0,0,0,0,0,0,0,0,0,0,0,0,0,0,0,0,1,0,0,0,0,0,1,0,0,": Tropical Storm Maring still enhancing southwest monsoon, which is affecting Luzon &amp; Visayas #MaringPH"
2172,369967677588008960,manilaFloods2013,manilaFloods2013,['Irrelevant'],0,0,0,0,0,0,1,0,0,0,0,0,0,0,0,0,0,0,0,0,0,0,0,0,0,#walangpasok because of a holiday in the Philippines. Hoping that the weather is much better. #FloodPH #MaringPH
2173,369973818061643776,manilaFloods2013,manilaFloods2013,"['Volunteer', 'Donations', 'MultimediaShare']",0,0,0,0,0,0,0,0,0,0,0,1,1,1,0,0,0,0,0,0,0,0,0,0,0,": Affected families reached 170,000 mark. Children are most vulnerable. Help online #reliefPH http:…"
2174,369975072166924288,manilaFloods2013,manilaFloods2013,['Irrelevant'],0,0,0,0,0,0,1,0,0,0,0,0,0,0,0,0,0,0,0,0,0,0,0,0,0,"Ugh that didnt last long. Its raining again. Pls stopp #MaringPH, i need to do some work! #FloodPH #hopefullytherainstops #Philippines"
2175,369977278337261569,manilaFloods2013,manilaFloods2013,['ServiceAvailable'],0,0,0,0,0,0,0,0,0,0,0,0,0,0,0,0,0,1,0,0,0,0,0,0,0,Now updated: #MindanaoHelpsManila page. Please see how you can help our kababayans in Luzon - #MaringPH #reliefPH
2176,369983339140091904,manilaFloods2013,manilaFloods2013,"['Weather', 'Official']",0,0,0,0,0,0,0,0,0,0,0,0,0,0,0,0,1,0,0,0,0,0,1,0,0,""": PAGASA: Tropical Storm Maring left PH Area of Responsibility at 7am #MaringPH"""
2177,369988581982351360,manilaFloods2013,manilaFloods2013,"['Weather', 'ContinuingNews']",0,0,1,0,0,0,0,0,0,0,0,0,0,0,0,0,0,0,0,0,0,0,1,0,0,""": Storm 'Maring' exits PH #MaringPH"" Finally. :"")"
2178,369988598797332480,manilaFloods2013,manilaFloods2013,['Irrelevant'],0,0,0,0,0,0,1,0,0,0,0,0,0,0,0,0,0,0,0,0,0,0,0,0,0,": On this rainy Ninoy Aquino Day, thanks for helping our countrymen affected by the rains. #reliefPH #t…"
2179,369988607177523201,manilaFloods2013,manilaFloods2013,"['Weather', 'ContinuingNews']",0,0,1,0,0,0,0,0,0,0,0,0,0,0,0,0,0,0,0,0,0,0,1,0,0,: 8:00AM | ADVISORY: #Habagat is forecast to weaken tomorrow evening. Gradual improvement of weather is (cont)
2180,369991123755745280,manilaFloods2013,manilaFloods2013,['Irrelevant'],0,0,0,0,0,0,1,0,0,0,0,0,0,0,0,0,0,0,0,0,0,0,0,0,0,": Lord, Please we're no Mariah Carey, We cant make it through the rain! Ondoy #TheConjuRAIN #FloodPH Keep Safe Everyone htt…"
2181,369992423998783488,manilaFloods2013,manilaFloods2013,"['EmergingThreats', 'ContinuingNews']",0,0,1,1,0,0,0,0,0,0,0,0,0,0,0,0,0,0,0,0,0,0,0,0,0,: List of areas placed under State of Calamity (as of 8:52 a.m.) #MaringPH #Habagat
2182,370007594766589952,manilaFloods2013,manilaFloods2013,['Irrelevant'],0,0,0,0,0,0,1,0,0,0,0,0,0,0,0,0,0,0,0,0,0,0,0,0,0,".: ADVISORY: Museum and FHL will remain closed today, via #walangpasok #FloodPH"
2183,370008039396360192,manilaFloods2013,manilaFloods2013,"['Donations', 'MultimediaShare']",0,0,0,0,0,0,0,0,0,0,0,1,1,0,0,0,0,0,0,0,0,0,0,0,0,: Please donate any supplies to those people who was affected by the flood #MaringPH #sjcsFAMILY
2184,370009834520707073,manilaFloods2013,manilaFloods2013,['Donations'],0,0,0,0,0,0,0,0,0,0,0,1,0,0,0,0,0,0,0,0,0,0,0,0,0,: How to donate to DSWD relief operations via Globe GCASH #MaringPH
2185,370012825088843777,manilaFloods2013,manilaFloods2013,['Irrelevant'],0,0,0,0,0,0,1,0,0,0,0,0,0,0,0,0,0,0,0,0,0,0,0,0,0,: Our thoughts are with the workers at as they respond to Tropical Storm #Maring.
2186,370019842142638080,manilaFloods2013,manilaFloods2013,"['ThirdPartyObservation', 'EmergingThreats']",1,0,0,1,0,0,0,0,0,0,0,0,0,0,0,0,0,0,0,0,0,0,0,0,0,": FLOOD UPDATE(ALONG MANILA) as of 9:30 AM, Lagusnilad-NOT passable to ALL types of vehicles. Infront of (cont)"
2187,370021389841211392,manilaFloods2013,manilaFloods2013,['ServiceAvailable'],0,0,0,0,0,0,0,0,0,0,0,0,0,0,0,0,0,1,0,0,0,0,0,0,0,"DongYan for #RescuePH. Send rescue request through text(SMS) text: ""RescuePH &lt; Name of person to…"
2188,370026741781118976,manilaFloods2013,manilaFloods2013,['ServiceAvailable'],0,0,0,0,0,0,0,0,0,0,0,0,0,0,0,0,0,1,0,0,0,0,0,0,0,: #teamvice at marikina giving snacks to the victims of typhoon #maring.. pooh_tik…
2189,370027228299411456,manilaFloods2013,manilaFloods2013,['ServiceAvailable'],0,0,0,0,0,0,0,0,0,0,0,0,0,0,0,0,0,1,0,0,0,0,0,0,0,: Updated list of Globe Libreng Tawag Stations for those affected by #MaringPH
2190,370028776022740993,manilaFloods2013,manilaFloods2013,['Irrelevant'],0,0,0,0,0,0,1,0,0,0,0,0,0,0,0,0,0,0,0,0,0,0,0,0,0,: 10% of proceeds from Monday's #MaximumGroovity9 will go to victims of #MaringPH (Habagat)
2191,370028910219898880,manilaFloods2013,manilaFloods2013,['Irrelevant'],0,0,0,0,0,0,1,0,0,0,0,0,0,0,0,0,0,0,0,0,0,0,0,0,0,It’s never tough in an SUV. #SUV #toyota #thumbsup #fortuner #maring #typhoon #positive
2192,370029572927918080,manilaFloods2013,manilaFloods2013,['GoodsServices'],0,0,0,0,0,0,0,0,0,0,0,0,0,0,1,0,0,0,0,0,0,0,0,0,0,"UA&amp;P Relief Ops need: rice, coffee/milk, noodles, biscuits, towels/blankets &amp; toiletries/medicines! #unitas #reliefph"
2193,370029879103741952,manilaFloods2013,manilaFloods2013,"['SearchAndRescue', 'FirstPartyObservation']",0,0,0,0,0,0,0,0,0,1,1,0,0,0,0,0,0,0,0,0,0,0,0,0,0,: An appeal for help: Thank you #Lyceans #reliefPH
2194,370030592168960000,manilaFloods2013,manilaFloods2013,"['Weather', 'Official']",0,0,0,0,0,0,0,0,0,0,0,0,0,0,0,0,1,0,0,0,0,0,1,0,0,": ""#MaringPH"" will continue to enhance the Southwest Monsoon (#Habagat) that will bring moderate to heavy..."
2195,370034887127887872,manilaFloods2013,manilaFloods2013,"['ThirdPartyObservation', 'Weather']",1,0,0,0,0,0,0,0,0,0,0,0,0,0,0,0,0,0,0,0,0,0,1,0,0,": Tropical Storm "" #MARINGPH "" has accelerated further and is now outside the Philippine Area of Responsibility (PAR)."
2196,370039584748343296,manilaFloods2013,manilaFloods2013,"['Weather', 'ContinuingNews']",0,0,1,0,0,0,0,0,0,0,0,0,0,0,0,0,0,0,0,0,0,0,1,0,0,": Tropical Storm Maring still enhancing southwest monsoon, which is enhancing Luzon &amp; Visayas #MaringPH"
2197,370040624923156480,manilaFloods2013,manilaFloods2013,['GoodsServices'],0,0,0,0,0,0,0,0,0,0,0,0,0,0,1,0,0,0,0,0,0,0,0,0,0,: Volunteers now highly encouraged to come and help in repacking goods #unitas #reliefPH
2198,370046790566805504,manilaFloods2013,manilaFloods2013,['Irrelevant'],0,0,0,0,0,0,1,0,0,0,0,0,0,0,0,0,0,0,0,0,0,0,0,0,0,“: Cardinal Tagle calls for unity in response to #Philippines flooding #MaringPH #FloodPH”
2199,370052918449156096,manilaFloods2013,manilaFloods2013,['Irrelevant'],0,0,0,0,0,0,1,0,0,0,0,0,0,0,0,0,0,0,0,0,0,0,0,0,0,"Just when the sun was about to peek, heavy rains start falling again. #Habagat"
2200,370054755529158656,manilaFloods2013,manilaFloods2013,"['ThirdPartyObservation', 'Weather']",1,0,0,0,0,0,0,0,0,0,0,0,0,0,0,0,0,0,0,0,0,0,1,0,0,: RT : #MaringPH expected to exit Philippine area of responsibility by Wednesday evening ...
2201,370056156435054592,manilaFloods2013,manilaFloods2013,['Irrelevant'],0,0,0,0,0,0,1,0,0,0,0,0,0,0,0,0,0,0,0,0,0,0,0,0,0,: How the Filipinos respond in times of crisis ~ #MaringPH #comicReliefPH
2202,370056789766574081,manilaFloods2013,manilaFloods2013,['ServiceAvailable'],0,0,0,0,0,0,0,0,0,0,0,0,0,0,0,0,0,1,0,0,0,0,0,0,0,Know how YOU can help the victims of Typhoon Maring/Habagat here: #ReliefPH
2203,370057389547855872,manilaFloods2013,manilaFloods2013,['GoodsServices'],0,0,0,0,0,0,0,0,0,0,0,0,0,0,1,0,0,0,0,0,0,0,0,0,0,: #ReliefPH: UA&amp;P is having a relief drive and needs more food donations especially rice and canned goods via .
2204,370062351426273280,manilaFloods2013,manilaFloods2013,['Volunteer'],0,0,0,0,0,0,0,0,0,0,0,0,0,1,0,0,0,0,0,0,0,0,0,0,0,#reliefPH VOLUNTEERS! NROC &amp; need you! Pls call 851-2681/511-1259 #reliefPH #rescuePH. Here is the map
2205,370064578593316864,manilaFloods2013,manilaFloods2013,"['MultimediaShare', 'ServiceAvailable']",0,0,0,0,0,0,0,0,0,0,0,0,1,0,0,0,0,1,0,0,0,0,0,0,0,Pls RT #reliefPH VOLUNTEERS! need you! Call 8512681/5111259 #reliefPH #rescuePH. Here's the map
2206,370065367105675264,manilaFloods2013,manilaFloods2013,['Irrelevant'],0,0,0,0,0,0,1,0,0,0,0,0,0,0,0,0,0,0,0,0,0,0,0,0,0,Done with #reliefph now jumping to the real deal.... Meetings meetings for work. Leggo
2207,370066424083267584,manilaFloods2013,manilaFloods2013,['Donations'],0,0,0,0,0,0,0,0,0,0,0,1,0,0,0,0,0,0,0,0,0,0,0,0,0,": "": RT - Donate to RED CROSS via SMS, text RED &lt;space&gt; AMOUNT send it to 2899 (Globe) &amp; 4143 (Smart) #reliefPH"" mag…"
2208,370068756128481280,manilaFloods2013,manilaFloods2013,['GoodsServices'],0,0,0,0,0,0,0,0,0,0,0,0,0,0,1,0,0,0,0,0,0,0,0,0,0,: Mountaineers For #ReliefPH
2209,370077518037917696,manilaFloods2013,manilaFloods2013,"['ServiceAvailable', 'Hashtags']",0,0,0,0,0,0,0,0,0,0,0,0,0,0,0,0,0,1,0,0,0,0,0,1,0,: #reliefPH is now trending in the Philippines. Use the hash tag for relief request. We are monitoring. Thank you! Keep saf…
2210,370086036669345792,manilaFloods2013,manilaFloods2013,['GoodsServices'],0,0,0,0,0,0,0,0,0,0,0,0,0,0,1,0,0,0,0,0,0,0,0,0,0,"From PINO ""Relief Ops in Pino Resto Bar Malingap QC needing Paper Napkins to wrap Sandwiches. Until 5pm only, see you.” #reliefPH"
2211,370087697613733888,manilaFloods2013,manilaFloods2013,"['ServiceAvailable', 'Factoid', 'Hashtags']",0,1,0,0,0,0,0,0,0,0,0,0,0,0,0,0,0,1,0,0,0,0,0,1,0,": Kapamilya, please take note of these #MaringPH hashtags that we can use for easy monitoring."
2212,370088616136949761,manilaFloods2013,manilaFloods2013,['Irrelevant'],0,0,0,0,0,0,1,0,0,0,0,0,0,0,0,0,0,0,0,0,0,0,0,0,0,Ideas are flooding my brain just like the floods soaking Metro Manila. They need to be flushed out. Keep dry my friends. Be safe.
2213,370088771351363584,manilaFloods2013,manilaFloods2013,"['ThirdPartyObservation', 'Weather', 'ContinuingNews']",1,0,1,0,0,0,0,0,0,0,0,0,0,0,0,0,0,0,0,0,0,0,1,0,0,: Monsoon rains to continue despite #MaringPH's departure from PAR
2214,370091480842379264,manilaFloods2013,manilaFloods2013,"['GoodsServices', 'MultimediaShare']",0,0,0,0,0,0,0,0,0,0,0,0,1,0,1,0,0,0,0,0,0,0,0,0,0,: “: We are still accepting donations until 4pm today for our kitchen operations. #reliefPH #MaringPH http…
2215,370097336115941376,manilaFloods2013,manilaFloods2013,['Irrelevant'],0,0,0,0,0,0,1,0,0,0,0,0,0,0,0,0,0,0,0,0,0,0,0,0,0,You can always have a moment with during #Habagat2013 and #MaringPH
2216,370099248697573377,manilaFloods2013,manilaFloods2013,['Irrelevant'],0,0,0,0,0,0,1,0,0,0,0,0,0,0,0,0,0,0,0,0,0,0,0,0,0,: Thank you to everyone who helped out! On our way to Sta Rosa &amp; other parts of Laguna right now #MaringPH #RescuePH htt…
2217,370101954053025792,manilaFloods2013,manilaFloods2013,['Irrelevant'],0,0,0,0,0,0,1,0,0,0,0,0,0,0,0,0,0,0,0,0,0,0,0,0,0,": Classes in #LPUManila have been suspended for tomorrow, August22. Stay safe everyone. #walangpasok #MaringPH"
2218,370104042782875649,manilaFloods2013,manilaFloods2013,['Donations'],0,0,0,0,0,0,0,0,0,0,0,1,0,0,0,0,0,0,0,0,0,0,0,0,0,": Relief on the way folks. Accepting donations here at the #TulongKapatid Center, Meralco until Friday. #reliefph"
2219,370108769788628992,manilaFloods2013,manilaFloods2013,"['Donations', 'MultimediaShare']",0,0,0,0,0,0,0,0,0,0,0,1,1,0,0,0,0,0,0,0,0,0,0,0,0,: #ReliefPH. Donate today. Let's help those affected by #MaringPH! #AsOneWeCan
2220,370115421958963201,manilaFloods2013,manilaFloods2013,['Donations'],0,0,0,0,0,0,0,0,0,0,0,1,0,0,0,0,0,0,0,0,0,0,0,0,0,": Help victims of #MaringPH, donate to the Red Cross. For SMART, please text RED &lt;10,25,50, or 100&gt; to 4143."
2221,370115434546081792,manilaFloods2013,manilaFloods2013,"['GoodsServices', 'Hashtags']",0,0,0,0,0,0,0,0,0,0,0,0,0,0,1,0,0,0,0,0,0,0,0,1,0,"Blankets, non-perishable food, medicines, usable clothing are accepted in our Mail&amp;More outlets nationwide #air21 #reliefPH #kabayanihan"
2222,370123609227816960,manilaFloods2013,manilaFloods2013,"['GoodsServices', 'MultimediaShare', 'Hashtags']",0,0,0,0,0,0,0,0,0,0,0,0,1,0,1,0,0,0,0,0,0,0,0,1,0,: RT : #ReliefPH Relief Operations in UP Manila through USC and CSCs #ADRES
2223,370138289300205568,manilaFloods2013,manilaFloods2013,['Irrelevant'],0,0,0,0,0,0,1,0,0,0,0,0,0,0,0,0,0,0,0,0,0,0,0,0,0,: ANNOUNCEMENT: Team Taytay is back from their deployment! #UNITAS #reliefPH
2224,370144480076115968,manilaFloods2013,manilaFloods2013,"['GoodsServices', 'Hashtags']",0,0,0,0,0,0,0,0,0,0,0,0,0,0,1,0,0,0,0,0,0,0,0,1,0,: Help #MaringPH victims by donating Binalot meals via #reliefPH
2225,370159336296697856,manilaFloods2013,manilaFloods2013,['Factoid'],0,1,0,0,0,0,0,0,0,0,0,0,0,0,0,0,0,0,0,0,0,0,0,0,0,Rational Use of Doxycyclne for Leptospirosis. Kindly share for public information: #FloodPH #RescuePH
2226,370159474742276097,manilaFloods2013,manilaFloods2013,"['Donations', 'Hashtags']",0,0,0,0,0,0,0,0,0,0,0,1,0,0,0,0,0,0,0,0,0,0,0,1,0,": In Makati, you may bring your #ReliefPh donations at: Cafe Valero cor Dela Costa Across Trafalgar Plaza"
2227,370173550809722881,manilaFloods2013,manilaFloods2013,"['Donations', 'Hashtags']",0,0,0,0,0,0,0,0,0,0,0,1,0,0,0,0,0,0,0,0,0,0,0,1,0,: FEU Manila will accept donations for victims of Maring/Habagat. Please click the image to know the details. #MaringPH http…
2228,370187517833650176,manilaFloods2013,manilaFloods2013,"['Donations', 'Hashtags']",0,0,0,0,0,0,0,0,0,0,0,1,0,0,0,0,0,0,0,0,0,0,0,1,0,": If you weren't able to reach out today, you may still drop by any MM store tomorrow to give donations in kind :) #reliefPH"
2229,370188633535680513,manilaFloods2013,manilaFloods2013,['Irrelevant'],0,0,0,0,0,0,1,0,0,0,0,0,0,0,0,0,0,0,0,0,0,0,0,0,0,Thank you howardguintu cjtan85 and many more who donated! #maringph…
2230,370189887607013377,manilaFloods2013,manilaFloods2013,['Irrelevant'],0,0,0,0,0,0,1,0,0,0,0,0,0,0,0,0,0,0,0,0,0,0,0,0,0,Thanks to all those who donated. We've been able to pack close to 4000 relief packs! God bless you :) #ReliefPH
2231,370197395432144897,manilaFloods2013,manilaFloods2013,"['Volunteer', 'Hashtags']",0,0,0,0,0,0,0,0,0,0,0,0,0,1,0,0,0,0,0,0,0,0,0,1,0,": | DREAM Team #reliefPH ops in LS Cov Courts accepting goods till Friday! But if you can bring early, please do..."
2232,370208581636722688,manilaFloods2013,manilaFloods2013,['Irrelevant'],0,0,0,0,0,0,1,0,0,0,0,0,0,0,0,0,0,0,0,0,0,0,0,0,0,: #CONJURAIN | Immortal Pinoys make it through the rain with waterproof humor #MaringPH #Habagat
2233,370214831145504768,manilaFloods2013,manilaFloods2013,"['GoodsServices', 'MultimediaShare', 'Hashtags']",0,0,0,0,0,0,0,0,0,0,0,0,1,0,1,0,0,0,0,0,0,0,0,1,0,Here's how you can send hot meals to those affected by #MaringPH. Help #ReliefPH now!
2234,370216777315123200,manilaFloods2013,manilaFloods2013,['Irrelevant'],0,0,0,0,0,0,1,0,0,0,0,0,0,0,0,0,0,0,0,0,0,0,0,0,0,Rain again ???? #backtowork #MaringPH
2235,370236293399060481,manilaFloods2013,manilaFloods2013,['Irrelevant'],0,0,0,0,0,0,1,0,0,0,0,0,0,0,0,0,0,0,0,0,0,0,0,0,0,: Thank you kace! Always helping! “: Combat-mode #ReliefPH #TyphoonMaring Thank u Lin!
2236,370237576856481792,manilaFloods2013,manilaFloods2013,"['ServiceAvailable', 'Hashtags']",0,0,0,0,0,0,0,0,0,0,0,0,0,0,0,0,0,1,0,0,0,0,0,1,0,#USAID Office of US Foreign Disaster Assistance providing support to #flood ravaged #Manila |
2237,370246749786734592,manilaFloods2013,manilaFloods2013,"['Donations', 'Hashtags']",0,0,0,0,0,0,0,0,0,0,0,1,0,0,0,0,0,0,0,0,0,0,0,1,0,: SM malls collect relief goods #maringPH #reliefPH
2238,370323773989617664,manilaFloods2013,manilaFloods2013,['GoodsServices'],0,0,0,0,0,0,0,0,0,0,0,0,0,0,1,0,0,0,0,0,0,0,0,0,0,"About 1,000 homeless people live in flood tunnels below Las Vegas---- also here in the Manila, sent us some help :("
2239,370324474455158784,manilaFloods2013,manilaFloods2013,['Irrelevant'],0,0,0,0,0,0,1,0,0,0,0,0,0,0,0,0,0,0,0,0,0,0,0,0,0,Good morning! Be #safe #family #friends #lovedones #rainy #windy #habagat
2240,370330895921577984,manilaFloods2013,manilaFloods2013,"['Weather', 'Official']",0,0,0,0,0,0,0,0,0,0,0,0,0,0,0,0,1,0,0,0,0,0,1,0,0,: Yellow Rainfall Advisory No. 33 Weather System: Southwest Monsoon (#Habagat) Target Areas: #MetroManila...
2241,370337124454641664,manilaFloods2013,manilaFloods2013,"['ThirdPartyObservation', 'Weather']",1,0,0,0,0,0,0,0,0,0,0,0,0,0,0,0,0,0,0,0,0,0,1,0,0,"“: PAGASA 7:30am: YELLOW - CAMANAVA, Manila, Pasay, QC. Moderate-heavy rains in next 3 hrs. Floods may still prevail.” Stay safe!!"
2242,370342212154163200,manilaFloods2013,manilaFloods2013,"['ServiceAvailable', 'Hashtags']",0,0,0,0,0,0,0,0,0,0,0,0,0,0,0,0,0,1,0,0,0,0,0,1,0,": RT : Aboitiz group joins #FloodPH relief efforts, pools donations"
2243,370344045056237569,manilaFloods2013,manilaFloods2013,"['Volunteer', 'Hashtags']",0,0,0,0,0,0,0,0,0,0,0,0,0,1,0,0,0,0,0,0,0,0,0,1,0,: VOLUNTEERS needed! pls call NROC 8512681 / 5111259 to schedule! #ReliefPH via
2244,370386961195753472,manilaFloods2013,manilaFloods2013,"['Donations', 'Hashtags']",0,0,0,0,0,0,0,0,0,0,0,1,0,0,0,0,0,0,0,0,0,0,0,1,0,": Donations are very much welcome here at DLS-CSB. Spread the word, Benildeans! :) #reliefPH"
2245,370403960693092352,manilaFloods2013,manilaFloods2013,"['Donations', 'Hashtags']",0,0,0,0,0,0,0,0,0,0,0,1,0,0,0,0,0,0,0,0,0,0,0,1,0,: We are running low on donations in UA&amp;P! Please help us spread the word that we need more! #unitas #reliefPH
2246,370412953293422593,manilaFloods2013,manilaFloods2013,"['Volunteer', 'MultimediaShare']",0,0,0,0,0,0,0,0,0,0,0,0,1,1,0,0,0,0,0,0,0,0,0,0,0,: Volunteers needed! #ReliefPH ops at the NROC. Call 851-2681/511-1259 for details.
2247,370415813787791360,manilaFloods2013,manilaFloods2013,['Irrelevant'],0,0,0,0,0,0,1,0,0,0,0,0,0,0,0,0,0,0,0,0,0,0,0,0,0,"please , let us pray for the victims of #BagyongMaring #MaringPH."
2248,370420171673845760,manilaFloods2013,manilaFloods2013,"['Volunteer', 'MultimediaShare', 'Hashtags']",0,0,0,0,0,0,0,0,0,0,0,0,1,1,0,0,0,0,0,0,0,0,0,1,0,: Please RETWEET #reliefPH VOLUNTEERS!! need you! Call 851-2681/511-1259. Here's the map
2249,370421190914867200,manilaFloods2013,manilaFloods2013,['Irrelevant'],0,0,0,0,0,0,1,0,0,0,0,0,0,0,0,0,0,0,0,0,0,0,0,0,0,""": ADVISORY: Classes will resume tomorrow at FEU Manila and FEU East Asia College. #maypasok #FEU #FloodPH"" I CANNOT WHAT IS THIS"
2250,370424110150467584,manilaFloods2013,manilaFloods2013,['Irrelevant'],0,0,0,0,0,0,1,0,0,0,0,0,0,0,0,0,0,0,0,0,0,0,0,0,0,Help the victims of #MaringPH by buying preloved items. Follow UkayAlalay on instagram :) 1
2251,370434801418788864,manilaFloods2013,manilaFloods2013,"['Volunteer', 'Donations', 'Hashtags']",0,0,0,0,0,0,0,0,0,0,0,1,0,1,0,0,0,0,0,0,0,0,0,1,0,#MaringPH survivors need your urgent help
2252,370435543806795776,manilaFloods2013,manilaFloods2013,['Irrelevant'],0,0,0,0,0,0,1,0,0,0,0,0,0,0,0,0,0,0,0,0,0,0,0,0,0,": As of Aug 22, a total of 58,387 family food packs were distributed in six regions affected by Habagat #reliefPH …"
2253,370461640786837504,manilaFloods2013,manilaFloods2013,['Irrelevant'],0,0,0,0,0,0,1,0,0,0,0,0,0,0,0,0,0,0,0,0,0,0,0,0,0,Thank you to the students of RTU for helping out in the repacking! #reliefPH
2254,370465629548969985,manilaFloods2013,manilaFloods2013,"['GoodsServices', 'Hashtags']",0,0,0,0,0,0,0,0,0,0,0,0,0,0,1,0,0,0,0,0,0,0,0,1,0,: We're still asking for more canned goods! #unitas #reliefph
2255,370465663090847744,manilaFloods2013,manilaFloods2013,"['GoodsServices', 'Hashtags']",0,0,0,0,0,0,0,0,0,0,0,0,0,0,1,0,0,0,0,0,0,0,0,1,0,": We are still in need of donations, particularly canned goods. Thank you! #unitas #reliefph"
2256,370467437281431553,manilaFloods2013,manilaFloods2013,['Irrelevant'],0,0,0,0,0,0,1,0,0,0,0,0,0,0,0,0,0,0,0,0,0,0,0,0,0,": As of 1:30pm today,Rizal province receives 1,500 food packs (500 for San Mateo, 500 for Rodriquez&amp;500 for Taytay) #reliefPH…"
2257,370480322191695872,manilaFloods2013,manilaFloods2013,['Irrelevant'],0,0,0,0,0,0,1,0,0,0,0,0,0,0,0,0,0,0,0,0,0,0,0,0,0,: What's making the floods worse in Manila? (from ) #Philippine #news #weather
2258,370490539545616384,manilaFloods2013,manilaFloods2013,['Irrelevant'],0,0,0,0,0,0,1,0,0,0,0,0,0,0,0,0,0,0,0,0,0,0,0,0,0,: Catholic school initiates 8pm prayer time for ‘Maring’ victims #reliefPH #PrayForThePhilippines
2259,370490610827796480,manilaFloods2013,manilaFloods2013,['Irrelevant'],0,0,0,0,0,0,1,0,0,0,0,0,0,0,0,0,0,0,0,0,0,0,0,0,0,: Dropped off relief goods in Cavite for #DropofLove #ReliefPH
2260,370491613249683456,manilaFloods2013,manilaFloods2013,"['Weather', 'EmergingThreats']",0,0,0,1,0,0,0,0,0,0,0,0,0,0,0,0,0,0,0,0,0,0,1,0,0,": Some Pinoys have yet to recover from #MaringPH, but another potential cyclone is already approaching the Philippines:"
2261,370509778805485570,manilaFloods2013,manilaFloods2013,['Irrelevant'],0,0,0,0,0,0,1,0,0,0,0,0,0,0,0,0,0,0,0,0,0,0,0,0,0,"“: QUEZON CITY classes in all levels resume tomorrow, Mayor Herbert Bautista announces. | #maypasok #MaringUpdates"" huhu"
2262,370521359253639168,manilaFloods2013,manilaFloods2013,['Irrelevant'],0,0,0,0,0,0,1,0,0,0,0,0,0,0,0,0,0,0,0,0,0,0,0,0,0,: Day 2 of #FLYhopecaravan .We are very greatful for the hard-working volunteers and for all the donations #reliefPH
2263,370568499044708352,manilaFloods2013,manilaFloods2013,['Irrelevant'],0,0,0,0,0,0,1,0,0,0,0,0,0,0,0,0,0,0,0,0,0,0,0,0,0,: How can politicians deny the flagrant thievery after seeing the lack of infrastructure all over the Philippines?! #Maring…
2264,370688250639175680,manilaFloods2013,manilaFloods2013,"['GoodsServices', 'MultimediaShare', 'Hashtags']",0,0,0,0,0,0,0,0,0,0,0,0,1,0,1,0,0,0,0,0,0,0,0,1,0,": WV is accepting donations to provide water, food,&amp; health services affected by #MaringPH"
2265,370743443460341762,manilaFloods2013,manilaFloods2013,['Donations'],0,0,0,0,0,0,0,0,0,0,0,1,0,0,0,0,0,0,0,0,0,0,0,0,0,: #ReliefPH: Our donation channels are open. Donate today. Visit: |
2266,370747331588538368,manilaFloods2013,manilaFloods2013,"['GoodsServices', 'Hashtags']",0,0,0,0,0,0,0,0,0,0,0,0,0,0,1,0,0,0,0,0,0,0,0,1,0,"We need a lot more dried goods for donation packs! We can do this, Dragons! #unitas #reliefph"
2267,370761554481782784,manilaFloods2013,manilaFloods2013,"['Donations', 'Hashtags']",0,0,0,0,0,0,0,0,0,0,0,1,0,0,0,0,0,0,0,0,0,0,0,1,0,": 2/2 If you would still like to help those in need, we will receive donations until Sunday (August 25, 2013). #reliefPH …"
2268,370771872457035776,manilaFloods2013,manilaFloods2013,['ServiceAvailable'],0,0,0,0,0,0,0,0,0,0,0,0,0,0,0,0,0,1,0,0,0,0,0,0,0,"Anne, Vice Ganda join forces to help flood victims: MANILA -- Kapamilya star Anne Curtis has joined forces wit..."
2269,370807880577855488,manilaFloods2013,manilaFloods2013,"['Donations', 'Hashtags']",0,0,0,0,0,0,0,0,0,0,0,1,0,0,0,0,0,0,0,0,0,0,0,1,0,": Good day Dragons, we're still encouraging donations from those who can donate! Thank you! #unitas #reliefph"
2270,370813127631192064,manilaFloods2013,manilaFloods2013,['Irrelevant'],0,0,0,0,0,0,1,0,0,0,0,0,0,0,0,0,0,0,0,0,0,0,0,0,0,"600,000 still homeless after Philippine floods via"
2271,370930664616361985,manilaFloods2013,manilaFloods2013,['Irrelevant'],0,0,0,0,0,0,1,0,0,0,0,0,0,0,0,0,0,0,0,0,0,0,0,0,0,"What's making the floods worse in Manila? POLITICS, CORRUPTION AND TRASH"
2272,371260798296788992,manilaFloods2013,manilaFloods2013,"['FirstPartyObservation', 'EmergingThreats']",0,0,0,1,0,0,0,0,0,0,1,0,0,0,0,0,0,0,0,0,0,0,0,0,0,: #FloodPH MT : FLOODED STREET. Katipunan Street NOT passable to light vehicles as per CTMDO. Take alternative rout…
2273,371301629854621696,manilaFloods2013,manilaFloods2013,"['Weather', 'MultimediaShare', 'Hashtags']",0,0,0,0,0,0,0,0,0,0,0,0,1,0,0,0,0,0,0,0,0,0,1,1,0,"#FloodPH Rainfall amount in the Philippines as of Aug 25, 2013 12:02 AM. via"
2274,371444865306861568,manilaFloods2013,manilaFloods2013,['Irrelevant'],0,0,0,0,0,0,1,0,0,0,0,0,0,0,0,0,0,0,0,0,0,0,0,0,0,#DearBeks Today is a good day to watch a concert! Gora na later sa Music Heals and help the victims of #MaringPH
2275,371486233723023361,manilaFloods2013,manilaFloods2013,"['ServiceAvailable', 'Hashtags']",0,0,0,0,0,0,0,0,0,0,0,0,0,0,0,0,0,1,0,0,0,0,0,1,0,: All #VoicePHLive proceeds incurred via votes tonight will be given to those affected by typhoon #MaringPH. Please vote wise…
2276,371580119023747072,manilaFloods2013,manilaFloods2013,"['ServiceAvailable', 'Hashtags']",0,0,0,0,0,0,0,0,0,0,0,0,0,0,0,0,0,1,0,0,0,0,0,1,0,: Proceeds from tonight's votes will benefit our bros&amp;sisters affected by #Maring. Let's help out each other mga Kapamilya!…
2277,371594035745411073,manilaFloods2013,manilaFloods2013,"['Donations', 'MultimediaShare', 'Hashtags']",0,0,0,0,0,0,0,0,0,0,0,1,1,0,0,0,0,0,0,0,0,0,0,1,0,"ABS-CBN Sagip Kapamilya, Examiner st. open fr 8am-8pm even tom&amp;is still accepting donations for #MaringPH #reliefPH"
2278,371833773752467456,manilaFloods2013,manilaFloods2013,"['Weather', 'EmergingThreats', 'Hashtags']",0,0,0,1,0,0,0,0,0,0,0,0,0,0,0,0,0,0,0,0,0,0,1,1,0,: Adaptation: Most of Manila left underwater as record storms sweep parts of Asia: #climate #flood
2279,371940833362059264,manilaFloods2013,manilaFloods2013,"['ServiceAvailable', 'Hashtags']",0,0,0,0,0,0,0,0,0,0,0,0,0,0,0,0,0,1,0,0,0,0,0,1,0,": PUBLIC SERVICE: For rescue concerns, pls use #rescueph unified hashtag so relevant agencies can properly monitor and at…"
2280,372059611882590208,manilaFloods2013,manilaFloods2013,"['Weather', 'MultimediaShare']",0,0,0,0,0,0,0,0,0,0,0,0,1,0,0,0,0,0,0,0,0,0,1,0,0,: Monsoon Rains Flood the Philippines - 19 to 23 Aug 2013 http:// #Habagat #FloodPH #Reuters #phot…
2281,372131883909668865,manilaFloods2013,manilaFloods2013,['Irrelevant'],0,0,0,0,0,0,1,0,0,0,0,0,0,0,0,0,0,0,0,0,0,0,0,0,0,""":Lea Salonga to perform in fundraiser for #MaringPH victims wow! is an angel from heaven.&gt;"
2282,372310041191141376,manilaFloods2013,manilaFloods2013,['Irrelevant'],0,0,0,0,0,0,1,0,0,0,0,0,0,0,0,0,0,0,0,0,0,0,0,0,0,All about #MaringPH #NMFChat Episode 23 is now available for viewing!
